# items_ru.tsv — названия предметов, привязанные к внутреннему ID.
# Колонки: id | внутреннее имя (для чтения человеком) | русское название.
# Ищется по id, вторая колонка не используется кодом — она нужна, чтобы
# файл можно было читать и сравнивать глазами.
#
# ЗАЧЕМ. Раньше названия предметов чинились по русскому тексту: словарь
# translations.txt сопоставлял машинную строку с нашей. Такое правило
# умирает молча, стоит разработчику переписать свой перевод. Внутренний id
# он не трогает, поэтому привязка к нему переживает обновление игры.
#
# ВАЖНО: id, а не внутреннее имя. Имена НЕ уникальны — один rawName делят
# предмет и его рецепт, а также тировые варианты («Рубаха гражданина» T0
# и «Рубаха жителя» T1). Уникален только числовой id.
#
# Файл обязан лежать рядом с DLL, как translations.txt и dialogue_ru.tsv.
# Пересоздаётся из review/item_dump.tsv, см. docs/JOURNAL.md.
658	items_Consumables_Foods_CookedFoods_AppleVinegar	Яблочный уксус
758	items_Consumables_Foods_CookedFoods_BarbecuedRibs	Рёбрышки на гриле
659	items_Consumables_Foods_CookedFoods_BeefAndPotatoes	Говядина и картофель
642	items_Consumables_Foods_CookedFoods_BraisedLegOfLamb	Тушёная баранья нога
507	items_Consumables_Foods_CookedFoods_CornWine	Кукурузное вино
759	items_Consumables_Foods_CookedFoods_DeliciousSoup	Вкусный суп
760	items_Consumables_Foods_CookedFoods_DryBeef	Вяленая говядина
513	items_Consumables_Foods_CookedFoods_ElvesSoup	Эльфийский суп
411	items_Consumables_Foods_CookedFoods_FriedEgg	Жареное яйцо
645	items_Consumables_Foods_CookedFoods_GrilledFishRow	Стейк из лосося на гриле
761	items_Consumables_Foods_CookedFoods_HoneyBearPaw	Медвежья лапа в мёду
524	items_Consumables_Foods_CookedFoods_HoneyMead	Медовуха
525	items_Consumables_Foods_CookedFoods_HoneyTea	Медовый чай
526	items_Consumables_Foods_CookedFoods_JammyBread	Хлеб с джемом
647	items_Consumables_Foods_CookedFoods_King'sBanquet	Королевский банкет
528	items_Consumables_Foods_CookedFoods_LindelMead	Линдельская медовуха
662	items_Consumables_Foods_CookedFoods_Maltliquor	Солодовый ликёр
529	items_Consumables_Foods_CookedFoods_Manthro	Мантро
531	items_Consumables_Foods_CookedFoods_MushroomFishSoup	Грибной рыбный суп
532	items_Consumables_Foods_CookedFoods_NorthumbriaAle	Нортумбрийский эль
534	items_Consumables_Foods_CookedFoods_RedDwarfStew	Рагу рыжего гнома
399	items_Consumables_Foods_CookedFoods_Rhum	Ром
397	items_Consumables_Foods_CookedFoods_RoastChickenLeg	Жареная куриная ножка
536	items_Consumables_Foods_CookedFoods_RoastPork	Жареная свинина
664	items_Consumables_Foods_CookedFoods_Ryebread	Ржаной хлеб
762	items_Consumables_Foods_CookedFoods_SaltRatMeat	Солёная крысятина
763	items_Consumables_Foods_CookedFoods_SnakeDishes	Блюдо из змеи
657	items_Consumables_Foods_CookedFoods_VenisonSauce	Оленина в соусе с корицей
764	items_Consumables_Foods_CookedFoods_VisceralSoup	Суп из потрохов
661	items_Consumables_Foods_CookedFoods_Wine	Вино
0	items_Consumables_Foods_FoodIngredients_Apple	Яблоко
665	items_Consumables_Foods_FoodIngredients_Beef	Говядина
410	items_Consumables_Foods_FoodIngredients_Bread	Хлеб
464	items_Consumables_Foods_FoodIngredients_Carrot	Морковь
396	items_Consumables_Foods_FoodIngredients_Cheese	Сыр
506	items_Consumables_Foods_FoodIngredients_Corn	Кукуруза
512	items_Consumables_Foods_FoodIngredients_Egg	Яйцо
515	items_Consumables_Foods_FoodIngredients_Fish	Рыба
517	items_Consumables_Foods_FoodIngredients_Flour	Мука
522	items_Consumables_Foods_FoodIngredients_Honey	Мёд
516	items_Consumables_Foods_FoodIngredients_LegOfLamb	Баранья нога
530	items_Consumables_Foods_FoodIngredients_Mushroom	Гриб
533	items_Consumables_Foods_FoodIngredients_Pork	Свинина
412	items_Consumables_Foods_FoodIngredients_Potato	Картофель
537	items_Consumables_Foods_FoodIngredients_Salt	Соль
400	items_Consumables_Foods_FoodIngredients_Sausage	Колбаса
538	items_Consumables_Foods_FoodIngredients_TeaLeaf	Чайный лист
519	items_Consumables_Foods_FoodIngredients_Tomato	Помидор
508	items_Consumables_Foods_FoodIngredients_Venison	Оленина
541	items_Consumables_Foods_FoodIngredients_Wheat	Пшеница
509	items_Consumables_Foods_FoodIngredients_Yeast	Дрожжи
895	items_Consumables_Foods_CookedFoods_BarbecuedRibs	Рецепт: Рёбрышки на гриле
236	items_Consumables_Foods_CookedFoods_BeefAndPotatoes	Рецепт: Говядина и картофель
238	items_Consumables_Foods_CookedFoods_BraisedLegOfLamb	Рецепт: Тушёная баранья нога
239	items_Consumables_Foods_CookedFoods_Ryebread	Рецепт: Ржаной хлеб
329	items_Consumables_Foods_CookedFoods_CornWine	Рецепт: Кукурузное вино
897	items_Consumables_Foods_CookedFoods_DeliciousSoup	Рецепт: Вкусный суп
898	items_Consumables_Foods_CookedFoods_DryBeef	Рецепт: Вяленая говядина
331	items_Consumables_Foods_CookedFoods_ElvesSoup	Рецепт: Эльфийский суп
332	items_Consumables_Foods_CookedFoods_FriedEgg	Рецепт: Жареное яйцо
899	items_Consumables_Foods_CookedFoods_GrilledFishRow	Рецепт: Стейк из лосося на гриле
900	items_Consumables_Foods_CookedFoods_HoneyBearPaw	Рецепт: Медвежья лапа в мёду
334	items_Consumables_Foods_CookedFoods_HoneyCake	Рецепт: Медовый торт
511	items_Consumables_Foods_CookedFoods_HoneyMead	Рецепт: Медовуха
514	items_Consumables_Foods_CookedFoods_HoneyTea	Рецепт: Медовый чай
518	items_Consumables_Foods_CookedFoods_JammyBread	Рецепт: Хлеб с джемом
902	items_Consumables_Foods_CookedFoods_King'sBanquet	Рецепт: Королевский банкет
520	items_Consumables_Foods_CookedFoods_LindelMead	Рецепт: Линдельская медовуха
527	items_Consumables_Foods_CookedFoods_Maltliquor	Рецепт: Солодовый ликёр
535	items_Consumables_Foods_CookedFoods_Manthro	Рецепт: Мантро
904	items_Consumables_Foods_CookedFoods_MushroomFishSoup	Рецепт: Грибной рыбный суп
620	items_Consumables_Foods_CookedFoods_NorthumbriaAle	Рецепт: Нортумбрийский эль
626	items_Consumables_Foods_CookedFoods_RedDwarfStew	Рецепт: Рагу рыжего гнома
640	items_Consumables_Foods_CookedFoods_Rhum	Рецепт: Ром
644	items_Consumables_Foods_CookedFoods_RoastPork	Рецепт: Жареная свинина
646	items_Consumables_Foods_FoodIngredients_Bread	Рецепт: Хлеб
906	items_Consumables_Foods_CookedFoods_SaltRatMeat	Рецепт: Солёная крысятина
907	items_Consumables_Foods_CookedFoods_SnakeDishes	Рецепт: Блюдо из змеи
908	items_Consumables_Foods_CookedFoods_VenisonSauce	Рецепт: Оленина в соусе с корицей
648	items_Consumables_Foods_CookedFoods_VisceralSoup	Рецепт: Суп из потрохов
649	items_Consumables_Foods_CookedFoods_Wine	Рецепт: Вино
1138	items_Consumables_Foods_CookedFoods_CookedGriffinEgg	Варёное яйцо грифона
1291	items_Consumables_Foods_UselessFoods_UselessCookedFoods_Salted_Fish	Солёная рыба
1141	items_Consumables_Foods_CookedFoods_CookedGriffinEgg	Рецепт: Варёное яйцо грифона
766	items_Consumables_Potions_Amnesia Potion	Зелье амнезии
1060	items_Consumables_Potions_EarthPotion_Endurance	Постоянное зелье телосложения
1061	items_Consumables_Potions_EarthPotion_Strength	Постоянное зелье силы
1062	items_Consumables_Potions_ForestPotion_Agility	Постоянное зелье ловкости
1063	items_Consumables_Potions_ForestPotion_Precision	Постоянное зелье восприятия
465	items_Consumables_Potions_Healing_Potion_Large	Большое лечебное зелье
461	items_Consumables_Potions_Healing_Potion_Medium	Среднее лечебное зелье
2	items_Consumables_Potions_Healing_Potion_Small	Маленькое лечебное зелье
651	items_Consumables_Potions_Useless_InjuryKiller	Средство от травм
460	items_Consumables_Potions_Magnolia's_Potion	Зелье магнолии
466	items_Consumables_Potions_Mana_Potion_Large	Большое зелье маны
467	items_Consumables_Potions_Mana_Potion_Medium	Среднее зелье маны
468	items_Consumables_Potions_Mana_Potion_Small	Маленькое зелье маны
1219	items_Consumables_Potions_Maramilk	Молоко Мары
768	items_Consumables_Potions_Oils_Animal oil	Звериное масло
769	items_Consumables_Potions_Oils_Bruteman oil	Масло серого орка
770	items_Consumables_Potions_Oils_Dwarf oil	Гномье масло
771	items_Consumables_Potions_Oils_Elf oil	Эльфийское масло
772	items_Consumables_Potions_Oils_Human oil	Человеческое масло
773	items_Consumables_Potions_Oils_Insect oil	Масло насекомых
774	items_Consumables_Potions_Oils_Lizard oil	Масло ящеров
775	items_Consumables_Potions_Oils_Mythological oil	Масло мифических тварей
776	items_Consumables_Potions_Oils_Orc oil	Орочье масло
1064	items_Consumables_Potions_SkyPotion_Intelligence	Постоянное зелье интеллекта
1065	items_Consumables_Potions_SkyPotion_Willpower	Постоянное зелье мудрости
469	items_Consumables_Potions_Stamina_Potion_Large	Большое зелье выносливости
470	items_Consumables_Potions_Stamina_Potion_Medium	Среднее зелье выносливости
471	items_Consumables_Potions_Stamina_Potion_Small	Маленькое зелье выносливости
472	items_Consumables_Potions_WeirdDrink	Странный напиток
910	items_Consumables_Potions_Amnesia Potion	Рецепт: Зелье амнезии
911	items_Consumables_Potions_Oils_Animal oil	Рецепт: Звериное масло
912	items_Consumables_Potions_Oils_Bruteman oil	Рецепт: Масло серого орка
913	items_Consumables_Potions_Useless_InjuryKiller	Рецепт: Средство от травм
915	items_Consumables_Potions_Oils_Dwarf oil	Рецепт: Гномье масло
1066	items_Consumables_Potions_EarthPotion_Endurance	Рецепт: Постоянное зелье телосложения
1067	items_Consumables_Potions_EarthPotion_Strength	Рецепт: Постоянное зелье силы
916	items_Consumables_Potions_Oils_Elf oil	Рецепт: Эльфийское масло
1068	items_Consumables_Potions_ForestPotion_Agility	Рецепт: Постоянное зелье ловкости
1069	items_Consumables_Potions_ForestPotion_Precision	Рецепт: Постоянное зелье восприятия
923	items_Consumables_Potions_Healing_Potion_Large	Рецепт: Большое лечебное зелье
927	items_Consumables_Potions_Healing_Potion_Medium	Рецепт: Среднее лечебное зелье
931	items_Consumables_Potions_Healing_Potion_Small	Рецепт: Маленькое лечебное зелье
920	items_Consumables_Potions_Oils_Human oil	Рецепт: Человеческое масло
921	items_Consumables_Potions_Oils_Insect oil	Рецепт: Масло насекомых
924	items_Consumables_Potions_Oils_Lizard oil	Рецепт: Масло ящеров
917	items_Consumables_Potions_Mana_Potion_Large	Рецепт: Большое зелье маны
918	items_Consumables_Potions_Mana_Potion_Medium	Рецепт: Среднее зелье маны
919	items_Consumables_Potions_Mana_Potion_Small	Рецепт: Маленькое зелье маны
928	items_Consumables_Potions_Oils_Mythological oil	Рецепт: Масло мифических тварей
929	items_Consumables_Potions_Oils_Orc oil	Рецепт: Орочье масло
1070	items_Consumables_Potions_SkyPotion_Intelligence	Рецепт: Постоянное зелье интеллекта
1071	items_Consumables_Potions_SkyPotion_Willpower	Рецепт: Постоянное зелье мудрости
922	items_Consumables_Potions_Stamina_Potion_Large	Рецепт: Большое зелье выносливости
926	items_Consumables_Potions_Stamina_Potion_Medium	Рецепт: Среднее зелье выносливости
930	items_Consumables_Potions_Stamina_Potion_Small	Рецепт: Маленькое зелье выносливости
1140	items_Consumables_Potions_Useless_Rebirth potion	Зелье возрождения
1143	items_Consumables_Potions_Useless_Rebirth potion	Рецепт: Зелье возрождения
857	items_Equipments_Armors_Gladiator_Champion_Heavy_Boots	Рецепт: Безупречные тяжёлые сапоги чемпиона
858	items_Equipments_Armors_Gladiator_Champion_Heavy_Chest	Рецепт: Безупречный тяжёлый нагрудник чемпиона
860	items_Equipments_Armors_Gladiator_Champion_Light_Helmet	Рецепт: Безупречный лёгкий шлем чемпиона
861	items_Equipments_Armors_Gladiator_Champion_Medium_Helmet	Рецепт: Безупречный средний шлем чемпиона
862	items_Equipments_Armors_Gladiator_Champion_Heavy_Helmet	Рецепт: Безупречный тяжёлый шлем чемпиона
864	items_Equipments_Armors_Gladiator_Champion_Light_Boots	Рецепт: Безупречные лёгкие сапоги чемпиона
865	items_Equipments_Armors_Gladiator_Champion_Light_Chest	Рецепт: Безупречный лёгкий нагрудник чемпиона
868	items_Equipments_Armors_Gladiator_Champion_Medium_Boots	Рецепт: Безупречные средние сапоги чемпиона
869	items_Equipments_Armors_Gladiator_Champion_Medium_Chest	Рецепт: Безупречный средний нагрудник чемпиона
871	items_Equipments_Armors_Gladiator_Junior_Heavy_Boots_T2	Рецепт: Укреплённые тяжёлые сапоги гладиатора
872	items_Equipments_Armors_Gladiator_Junior_Heavy_Chest_T2	Рецепт: Укреплённый тяжёлый нагрудник гладиатора
875	items_Equipments_Armors_Gladiator_Junior_Light_Boots_T2	Рецепт: Укреплённые лёгкие сапоги гладиатора
876	items_Equipments_Armors_Gladiator_Junior_Light_Chest_T2	Рецепт: Укреплённый лёгкий нагрудник гладиатора
880	items_Equipments_Armors_Gladiator_Junior_Medium_Chest_T2	Рецепт: Укреплённый средний нагрудник гладиатора
883	items_Equipments_Armors_Gladiator_Senior_Heavy_Boots_T2	Рецепт: Усиленные тяжёлые сапоги старшего гладиатора
884	items_Equipments_Armors_Gladiator_Senior_Heavy_Chest_T2	Рецепт: Усиленный тяжёлый нагрудник старшего гладиатора
887	items_Equipments_Armors_Gladiator_Senior_Light_Boots_T2	Рецепт: Усиленные лёгкие сапоги старшего гладиатора
888	items_Equipments_Armors_Gladiator_Senior_Light_Chest_T2	Рецепт: Усиленный лёгкий нагрудник старшего гладиатора
891	items_Equipments_Armors_Gladiator_Senior_Medium_Boots_T2	Рецепт: Усиленные средние сапоги старшего гладиатора
892	items_Equipments_Armors_Gladiator_Senior_Medium_Chest_T2	Рецепт: Усиленный средний нагрудник старшего гладиатора
932	items_Equipments_Weapons_FlangedMace_T1_01	Рецепт: Пернач
933	items_Equipments_Weapons_WarHammer_T1_01	Рецепт: Военный молот
934	items_Equipments_Weapons_BastardSword_T1_01	Рецепт: Полуторный меч
935	items_Equipments_Weapons_DoubleAxe_T4_01	Рецепт: Обоюдоострый топор вождя
937	items_Equipments_Weapons_Mace_T1_01	Рецепт: Гвоздебой
938	items_Equipments_Weapons_Mace_T3_01	Рецепт: Гвоздебой рыцаря
940	items_Equipments_Weapons_WarHammer_T2_01	Рецепт: Военный молот солдата
1176	items_Equipments_Weapons_BattleAxe_T2_01	Рецепт: Боевой топор солдата
1177	items_Equipments_Weapons_HeavySpear_T1_01	Рецепт: Тяжёлое копьё
1178	items_Equipments_Weapons_BattleAxe_T3_01	Рецепт: Боевой топор воина
1180	items_Equipments_Weapons_Club_T4_01	Рецепт: Дубина вождя
1181	items_Equipments_Weapons_HeavySpear_T2_01	Рецепт: Тяжёлое копьё солдата
1183	items_Equipments_Weapons_Rapier_T1_01	Рецепт: Рапира
1184	items_Equipments_Weapons_Rapier_T2_01	Рецепт: Рапира солдата
1185	items_Equipments_Weapons_BattleAxe_T4_01	Рецепт: Боевой топор короля
1187	items_Equipments_Weapons_Katar_T2_01	Рецепт: Кулачный меч
1188	items_Equipments_Weapons_KnightSword_T1_01	Рецепт: Меч слуги
1189	items_Equipments_Weapons_Katar_T3_01	Рецепт: Кулачный меч элитного воина
1191	items_Equipments_Weapons_Wand_T2_01	Рецепт: Жезл
1195	items_Equipments_Weapons_Wand_T3_01	Рецепт: Жезл волшебника
941	items_Equipments_Weapons_Rapier_T3_01	Рецепт: Рапира элитного воина
946	items_Equipments_Weapons_DoubleAxe_T2_01	Рецепт: Обоюдоострый топор наёмника
1222	items_Equipments_Weapons_HeavySpear_T3_01	Рецепт: Тяжёлое копьё рыцаря
1223	items_Equipments_Weapons_KnightSword_T4_01	Рецепт: Меч аристократа
1225	items_Equipments_Weapons_Sabre_T1_01	Рецепт: Сабля
1227	items_Equipments_Weapons_GreatSword_T2_01	Рецепт: Большой меч солдата
1228	items_Equipments_Weapons_GreatSword_T3_01	Рецепт: Большой меч воина
1229	items_Equipments_Weapons_Katar_T4_01	Рецепт: Кулачный меч короля
1231	items_Equipments_Weapons_GreatSword_T4_01	Рецепт: Большой меч королевской гвардии
1234	items_Equipments_Weapons_Estoc_T4_01	Рецепт: Эсток аристократа
1235	items_Equipments_Weapons_Estoc_T3_01	Рецепт: Эсток рыцаря
1237	items_Equipments_Weapons_Wand_T4_01	Рецепт: Жезл архимага
947	items_Equipments_Weapons_WarHammer_T3_01	Рецепт: Военный молот рыцаря
948	items_Equipments_Weapons_ShortSword_T2_01	Рецепт: Клинок разведчика
950	items_Equipments_Weapons_KnightSword_T2_01	Рецепт: Меч солдата
952	items_Equipments_Weapons_Flail_T3_01	Рецепт: Кистень стража порядка
953	items_Equipments_Weapons_Flail_T1_01	Рецепт: Кистень
954	items_Equipments_Weapons_LongSword_T1_01	Рецепт: Длинный меч орка
955	items_Equipments_Weapons_LongSword_T3_01	Рецепт: Длинный меч эльфа
957	items_Equipments_Weapons_Mace_T4_01	Рецепт: Гвоздебой аристократа
959	items_Equipments_Weapons_Flail_T4_01	Рецепт: Кистень судьи
962	items_Equipments_Weapons_Spear_T1_01	Рецепт: Копьё
963	items_Equipments_Weapons_Spear_T2_01	Рецепт: Копьё солдата
964	items_Equipments_Weapons_Spear_T3_01	Рецепт: Копьё рыцаря
967	items_Equipments_Weapons_Estoc_T2_01	Рецепт: Эсток слуги
999	items_Equipments_Weapons_Cutlass_T1_01	Рецепт: Абордажная сабля
1000	items_Equipments_Weapons_Cutlass_T3_01	Рецепт: Абордажная сабля пирата
1001	items_Equipments_Weapons_BastardSword_T3_01	Рецепт: Полуторный меч рыцаря
1003	items_Equipments_Weapons_Cutlass_T4_01	Рецепт: Абордажная сабля чужеземца
1005	items_Equipments_Weapons_Club_T3_01	Рецепт: Дубина бандита
1006	items_Equipments_Weapons_Club_T2_01	Рецепт: Усиленная дубина
1007	items_Equipments_Weapons_FlangedMace_T2_01	Рецепт: Пернач солдата
1008	items_Equipments_Weapons_Dagger_T1_01	Рецепт: Кинжал
1009	items_Equipments_Weapons_Dagger_T2_01	Рецепт: Кинжал разбойника
1010	items_Equipments_Weapons_Dagger_T4_01	Рецепт: Кинжал с гербом
1012	items_Equipments_Weapons_DoubleAxe_T1_01	Рецепт: Обоюдоострый топор
1015	items_Equipments_Weapons_ShortSword_T1_01	Рецепт: Клинок
1016	items_Equipments_Weapons_FlangedMace_T3_01	Рецепт: Пернач рыцаря
1017	items_Equipments_Weapons_Hatchet_T1_01	Рецепт: Ручной топор
1019	items_Equipments_Weapons_Hatchet_T2_01	Рецепт: Ручной топор стражи
1021	items_Equipments_Weapons_LongSword_T4_01	Рецепт: Длинный меч аристократа
1023	items_Equipments_Weapons_Hatchet_T3_01	Рецепт: Ручной топор авангарда
1025	items_Equipments_Weapons_Machete_T1_01	Рецепт: Тесак
1026	items_Equipments_Weapons_Machete_T2_01	Рецепт: Усиленный тесак
1028	items_Equipments_Weapons_Machete_T3_01	Рецепт: Тесак бандита
1030	items_Equipments_Weapons_Sabre_T2_01	Рецепт: Сабля солдата
1031	items_Equipments_Weapons_Sabre_T3_01	Рецепт: Сабля воина
3	items_Equipments_Armors_Gold amulet amethyst	Золотой амулет с аметистом
4	items_Equipments_Armors_Gold amulet emerald	Золотой амулет с изумрудом
5	items_Equipments_Armors_Gold amulet ruby	Золотой амулет с рубином
563	items_Equipments_Armors_Gold amulet topaz	Золотой амулет с топазом
1117	items_Equipments_Ornaments_Gortus' amulet	Амулет бога войны
1149	items_Equipments_Armors_MoonstoneAmulet	Амулет из лунного камня
1150	items_Equipments_Armors_MotherEarthNecklace	Амулет Марандис
1151	items_Equipments_Armors_ShadowAmulet	Амулет Гермоины
564	items_Equipments_Armors_Silver amulet amethyst	Серебряный амулет с аметистом
434	items_Equipments_Armors_Silver amulet emerald	Серебряный амулет с изумрудом
565	items_Equipments_Armors_Silver amulet ruby	Серебряный амулет с рубином
566	items_Equipments_Armors_Silver amulet sapphire	Серебряный амулет с сапфиром
1152	items_Equipments_Armors_StarStoneAmulet	Амулет из звёздного камня
1153	items_Equipments_Armors_SunStoneAmulet	Амулет из солнечного камня
567	items_Equipments_Armors_Broken silver ring	Сломанное серебряное кольцо
568	items_Equipments_Armors_Delicate ring	Изящное кольцо
569	items_Equipments_Armors_Dodge ring	Кольцо уклонения
1154	items_Equipments_Armors_GoldLeafAmulet	Амулет из сусального золота
543	items_Equipments_Ornaments_Magnolia's amulet	Амулет магнолии
570	items_Equipments_Armors_Malachite ring	Малахитовое кольцо
499	items_Equipments_Ornaments_Rankin's amulet	Амулет Рэнкина
571	items_Equipments_Armors_Silver necklace	Серебряное ожерелье
572	items_Equipments_Armors_The disease ring	Кольцо болезни
573	items_Equipments_Armors_The moonlight ring	Кольцо лунного света
455	items_Equipments_Ornaments_Wedding ring	Обручальное кольцо
116	items_Equipments_Weapons_DoubleAxe_T4_01	Обоюдоострый топор вождя
127	items_Equipments_Weapons_TwoHandedDoubleAxe_T3_01	Двуручный обоюдоострый топор элитного воина
118	items_Equipments_Weapons_Hatchet_T3_01	Ручной топор авангарда
119	items_Equipments_Weapons_Hatchet_T4_01	Ручной топор хищника
574	items_Equipments_Weapons_BattleAxe_T1_01	Боевой топор
122	items_Equipments_Weapons_Hatchet_T2_01	Ручной топор стражи
117	items_Equipments_Weapons_Hatchet_T1_01	Ручной топор
129	items_Equipments_Weapons_DoubleAxe_T5_01	Легендарный обоюдоострый топор
115	items_Equipments_Weapons_BattleAxe_T2_01	Боевой топор солдата
125	items_Equipments_Weapons_BattleAxe_T3_01	Боевой топор воина
126	items_Equipments_Weapons_BattleAxe_T4_01	Боевой топор короля
128	items_Equipments_Weapons_BattleAxe_T5_01	Легендарный боевой топор
141	items_Equipments_Weapons_DoubleAxe_T1_01	Обоюдоострый топор
124	items_Equipments_Weapons_DoubleAxe_T2_01	Обоюдоострый топор наёмника
123	items_Equipments_Weapons_TwoHandedDoubleAxe_T1_01	Двуручный обоюдоострый топор
575	items_Equipments_Weapons_DoubleAxe_T3_01	Обоюдоострый топор элитного воина
120	items_Equipments_Weapons_GreatAxe_T2_01	Большой топор солдата
121	items_Equipments_Weapons_GreatAxe_T1_01	Большой топор
576	items_Equipments_Weapons_Bardiche_T2_01	Усиленный бердыш
142	items_Equipments_Weapons_TwoHandedDoubleAxe_T2_01	Двуручный обоюдоострый топор наёмника
137	items_Equipments_Weapons_Estoc_T1_01	Эсток
136	items_Equipments_Weapons_Estoc_T3_01	Эсток рыцаря
138	items_Equipments_Weapons_Club_T2_01	Усиленная дубина
577	items_Equipments_Weapons_Club_T1_01	Дубина
133	items_Equipments_Weapons_Estoc_T4_01	Эсток аристократа
135	items_Equipments_Weapons_Club_T3_01	Дубина бандита
144	items_Equipments_Weapons_LongSword_T5_01	Длинный меч придворного
180	items_Equipments_Weapons_Estoc_T5_01	Пронзатель сердец
167	items_Equipments_Weapons_TwoHandedClub_T4_01	Двуручная булава вождя
132	items_Equipments_Weapons_Club_T5_01	Кровавая дубина
188	items_Equipments_Weapons_Dagger_T1_01	Кинжал
189	items_Equipments_Weapons_Dagger_T5_01	Кинжал жадности
192	items_Equipments_Weapons_TwoHandedMace_T4_01	Моргенштерн короля
206	items_Equipments_Weapons_TwoHandedMace_T1_01	Моргенштерн
207	items_Equipments_Weapons_TwoHandedMace_T3_01	Моргенштерн элитного воина
214	items_Equipments_Weapons_TwoHandedMace_T2_01	Моргенштерн солдата
197	items_Equipments_Weapons_Dagger_T2_01	Кинжал разбойника
114	items_Equipments_Weapons_WarHammer_T3_01	Военный молот рыцаря
184	items_Equipments_Weapons_Rapier_T3_01	Рапира элитного воина
134	items_Equipments_Weapons_Club_T4_01	Дубина вождя
190	items_Equipments_Weapons_Machete_T3_01	Тесак бандита
604	items_Equipments_Weapons_Rapier_T3_01	Рапира элитного воина
248	items_Equipments_Weapons_LongBow_Dwarf_T3_01	Длинный лук гнома
249	items_Equipments_Weapons_Quiver_Dwarf_T3_01	Колчан тупых стрел гнома
598	items_Equipments_Weapons_GreatSword_T4_01	Большой меч королевской гвардии
600	items_Equipments_Weapons_Katana_T3_01	Катана ронина
153	items_Equipments_Weapons_Katar_T4_01	Кулачный меч короля
579	items_Equipments_Weapons_FlangedMace_T4_01	Пернач аристократа
195	items_Equipments_Weapons_Machete_T4_01	Тесак вождя
1121	items_Equipments_Weapons_BattleStick_T4_01	Боевой шест мастера
223	items_Equipments_Weapons_Hoplon_T4_01	Гоплон короля
684	items_Equipments_Weapons_Pavise_T3_01	Павеза рыцаря
748	items_Equipments_Weapons_Trident_T4_01	Трезубец короля
585	items_Equipments_Weapons_TwoHandedSpear_T3_01	Элитное двуручное копьё
217	items_Equipments_Weapons_Dagger_T4_01	Кинжал с гербом
220	items_Equipments_Weapons_GreatSword_T4_01	Большой меч королевской гвардии
1239	items_Equipments_Weapons_Katar_T5_01	Когти Лека
1240	items_Equipments_Weapons_TwoHandedDoubleAxe_T5_02	Разрушитель
1241	items_Equipments_Weapons_BattleAxe_T5_02	Морозный клык
1242	items_Equipments_Weapons_Shortbow_T5_01	Шёпот ветра
1243	items_Equipments_Weapons_Longbow_T5_02	Длинный лук предков
1244	items_Equipments_Weapons_Longbow_T5_03	Длинный лук императора
1245	items_Equipments_Weapons_GreatSword_T5_02	Бедствие рыбаков
1246	items_Equipments_Weapons_ShortSword_T5_06	Клинок двух богов
1247	items_Equipments_Weapons_Trident_T5_01	Избранник Илоса
1248	items_Equipments_Weapons_WarHammer_T5_02	Костолом
1249	items_Equipments_Weapons_Katana_T5_01	Падение сакуры
1250	items_Equipments_Weapons_Katana_T5_02	Наруками
1251	items_Equipments_Weapons_Glaive_T5_01	Удар бури
1252	items_Equipments_Weapons_FlangedMace_T5_02	Золотой разбиватель
1253	items_Equipments_Weapons_HeavySpear_T5_01	Копьё судьбы
1254	items_Equipments_Weapons_RoundShield_T5_01	Смоледияс
1255	items_Equipments_Weapons_LongovalShield_T5_01	Корень Осителя
1256	items_Equipments_Weapons_Buckler_T5_01	Кастрюльная крышка Ганса
1257	items_Equipments_Weapons_ShortSword_T5_02	Изумрудный клинок
1258	items_Equipments_Weapons_ShortSword_T5_03	Серп Дэвиса
1259	items_Equipments_Weapons_Dagger_T5_02	Кинжал жреца Оссейди
1260	items_Equipments_Weapons_TwoHandedSpear_T5_01	Гнев Рабарамоса
1261	items_Equipments_Weapons_KnightSword_T5_02	Меч высокого двора
1262	items_Equipments_Weapons_ShortSword_T5_05	Каодела
1263	items_Equipments_Weapons_LongSword_T5_03	Длинный меч придворного
1264	items_Equipments_Weapons_TwoHandedWarHammer_T5_02	Боевой молот праведности
1265	items_Equipments_Weapons_BattleStick_T5_01	Шест Зандера
168	items_Equipments_Weapons_LongSword_T1_01	Длинный меч орка
169	items_Equipments_Weapons_FlangedMace_T2_01	Пернач солдата
171	items_Equipments_Weapons_FlangedMace_T5_01	Легендарная булава
173	items_Equipments_Weapons_TwoHandedClub_T3_01	Двуручная булава разбойника
578	items_Equipments_Weapons_Mace_T2_01	Гвоздебой солдата
170	items_Equipments_Weapons_TwoHandedClub_T1_01	Двуручная булава
174	items_Equipments_Weapons_FlangedMace_T1_01	Пернач
175	items_Equipments_Weapons_FlangedMace_T3_01	Пернач рыцаря
176	items_Equipments_Weapons_Mace_T1_01	Гвоздебой
172	items_Equipments_Weapons_Mace_T3_01	Гвоздебой рыцаря
413	items_Equipments_Weapons_Mace_T4_01	Гвоздебой аристократа
414	items_Equipments_Weapons_Mace_T5_01	Шип Саманфорта
231	items_Equipments_Weapons_WarHammer_T2_01	Военный молот солдата
225	items_Equipments_Weapons_TwoHandedWarHammer_T2_01	Боевой молот-клевец стражи
226	items_Equipments_Weapons_TwoHandedWarHammer_T4_01	Боевой молот-клевец лорда
227	items_Equipments_Weapons_WarHammer_T1_01	Военный молот
228	items_Equipments_Weapons_WarHammer_T4_01	Военный молот аристократа
229	items_Equipments_Weapons_GreatAxe_T4_01	Большой топор королевской гвардии
230	items_Equipments_Weapons_GreatAxe_T3_01	Большой топор воина
580	items_Equipments_Weapons_TwoHandedWarHammer_T2_02	Боевой молот-клевец капитана
224	items_Equipments_Weapons_TwoHandedWarHammer_T1_01	Боевой молот-клевец
586	items_Equipments_Weapons_TwoHandedSpear_T2_01	Двуручное копьё солдата
377	items_Equipments_Weapons_Longaxe_T4_01	Секира жнеца
378	items_Equipments_Weapons_Longaxe_T3_01	Секира инквизитора
164	items_Equipments_Weapons_Bardiche_T2_01	Усиленный бердыш
581	items_Equipments_Weapons_Glaive_T2_01	Глефа наёмника
583	items_Equipments_Weapons_Glaive_T2_03	Глефа ветерана
163	items_Equipments_Weapons_Longaxe_T2_01	Секира палача
582	items_Equipments_Weapons_TwoHandedSpear_T1_01	Двуручное копьё
159	items_Equipments_Weapons_TowerShield_T2_01	Башенный щит солдата
161	items_Equipments_Weapons_TowerShield_T1_01	Башенный щит
162	items_Equipments_Weapons_TrapezoidalShield_T3_01	Большой щит рыцаря
584	items_Equipments_Weapons_Poleaxe_T1_02	Длинный топор
178	items_Equipments_Weapons_Spear_T3_01	Копьё рыцаря
179	items_Equipments_Weapons_Spear_T2_01	Копьё солдата
160	items_Equipments_Weapons_Spear_T5_01	Легендарное копьё
1057	items_Equipments_Weapons_HeavySpear_T1_01	Тяжёлое копьё
1058	items_Equipments_Weapons_HeavySpear_T2_01	Тяжёлое копьё солдата
1059	items_Equipments_Weapons_HeavySpear_T3_01	Тяжёлое копьё рыцаря
1123	items_Equipments_Weapons_BattleStick_T3_01	Боевой шест монаха-воина
1124	items_Equipments_Weapons_BattleStick_T2_01	Боевой шест
678	items_Equipments_Weapons_TrapezoidalShield_T4_01	Большой щит аристократа
746	items_Equipments_Weapons_Trident_T2_01	Трезубец
747	items_Equipments_Weapons_Trident_T3_01	Трезубец элитного воина
379	items_Equipments_Weapons_Bardiche_T3_01	Бердыш разбойника
587	items_Equipments_Weapons_Glaive_T2_02	Глефа солдата
130	items_Equipments_Weapons_Longbow_T3_01	Длинный лук ронина
165	items_Equipments_Weapons_CrossbowQuiver_T2_01	Колчан болтов разведчика
728	items_Equipments_Weapons_Quiver_T1_01	Колчан стрел
755	items_Equipments_Weapons_QuiverBlunt_T1_01	Колчан тупых стрел
729	items_Equipments_Weapons_Quiver_T2_01	Колчан стрел разведчика
756	items_Equipments_Weapons_QuiverBlunt_T2_01	Колчан тупых стрел разведчика
730	items_Equipments_Weapons_Quiver_T3_01	Колчан стрел охотника
757	items_Equipments_Weapons_QuiverBlunt_T3_01	Колчан тупых стрел охотника
749	items_Equipments_Weapons_Shortbow_T2_01	Короткий лук разведчика
750	items_Equipments_Weapons_Longbow_T1_01	Длинный лук
177	items_Equipments_Weapons_Shortbow_T1_01	Короткий лук
244	items_Equipments_Weapons_Shortbow_T3_01	Короткий лук охотника
443	items_Equipments_Weapons_Longbow_T2_01	Длинный лук эльфа
131	items_Equipments_Weapons_LeatherShield_T2_01	Кожаный щит «Цинлуань»
588	items_Equipments_Weapons_Buckler_T2_01	Баклер солдата
679	items_Equipments_Weapons_Buckler_T4_01	Баклер аристократа
154	items_Equipments_Weapons_KiteShield_T2_01	Каплевидный щит солдата
685	items_Equipments_Weapons_KiteShield_T2_01	Каплевидный щит солдата
686	items_Equipments_Weapons_KiteShield_T1_01	Каплевидный щит
148	items_Equipments_Weapons_IronHeaterShield_T4_01	Железный щит лорда
149	items_Equipments_Weapons_IronHeaterShield_T3_01	Железный щит капитана гвардии
150	items_Equipments_Weapons_IronHeaterShield_T2_01	Железный щит
401	items_Equipments_Weapons_KiteShield_T2_01	Каплевидный щит солдата
590	items_Equipments_Weapons_Buckler_Bronze_T3_01	Медный баклер рыцаря
591	items_Equipments_Weapons_Buckler_Bronze_T2_01	Медный баклер солдата
592	items_Equipments_Weapons_RoundShield_T2_01	Круглый щит солдата
682	items_Equipments_Weapons_RoundShield_T4_01	Круглый щит короля
380	items_Equipments_Weapons_RoundShield_T1_01	Деревянный круглый щит
221	items_Equipments_Weapons_Hoplon_T2_01	Гоплон
222	items_Equipments_Weapons_Hoplon_T3_01	Гоплон элитного воина
183	items_Equipments_Weapons_GreatSword_T2_01	Большой меч солдата
185	items_Equipments_Weapons_ShortSword_T2_01	Клинок разведчика
186	items_Equipments_Weapons_Falchion_T5_01	Погибель зловещих духов
187	items_Equipments_Weapons_GreatSword_T3_01	Большой меч воина
196	items_Equipments_Weapons_Rapier_T2_01	Рапира солдата
381	items_Equipments_Weapons_GreatSword_T5_01	Колесо свободы
382	items_Equipments_Weapons_Sabre_T1_01	Сабля
383	items_Equipments_Weapons_Sabre_T3_01	Сабля воина
601	items_Equipments_Weapons_Estoc_T2_01	Эсток слуги
597	items_Equipments_Weapons_GreatSword_T3_01	Большой меч воина
191	items_Equipments_Weapons_ShortSword_T1_01	Клинок
205	items_Equipments_Weapons_ShortSword_T3_01	Клинок ночного стража
211	items_Equipments_Weapons_ShortSword_T5_01	Королевское наследие
603	items_Equipments_Weapons_KnightSword_T1_01	Меч слуги
602	items_Equipments_Weapons_ShortSword_T1_01	Клинок
595	items_Equipments_Weapons_LongSword_T2_01	Длинный меч гнома
596	items_Equipments_Weapons_GreatSword_T2_01	Большой меч солдата
200	items_Equipments_Weapons_Falchion_T4_01	Широкий меч вождя
213	items_Equipments_Weapons_Falchion_T1_01	Широкий меч
1125	items_Equipments_Weapons_Katar_T2_01	Кулачный меч
1127	items_Equipments_Weapons_Katar_T3_01	Кулачный меч элитного воина
193	items_Equipments_Weapons_KnightSword_T1_01	Меч слуги
215	items_Equipments_Weapons_Rapier_T1_01	Рапира
210	items_Equipments_Weapons_KnightSword_T4_01	Меч аристократа
203	items_Equipments_Weapons_KnightSword_T2_01	Меч солдата
208	items_Equipments_Weapons_KnightSword_T5_01	Меч безымянного чемпиона
599	items_Equipments_Weapons_Falchion_T2_01	Усиленный широкий меч
198	items_Equipments_Weapons_Machete_T1_01	Тесак
209	items_Equipments_Weapons_Machete_T2_01	Усиленный тесак
605	items_Equipments_Weapons_Cutlass_T2_01	Абордажная сабля странника
606	items_Equipments_Weapons_Machete_T2_01	Усиленный тесак
199	items_Equipments_Weapons_LongovalShield_T4_01	Эпический каплевидный щит
1197	items_Equipments_Weapons_Wakizashi_T2_01	Вакидзаси
1198	items_Equipments_Weapons_Wakizashi_T3_01	Самурайский вакидзаси
218	items_Equipments_Weapons_Sabre_T2_01	Сабля солдата
666	items_Equipments_Weapons_Staff_T3_01	Посох чародея
667	items_Equipments_Weapons_Staff_T2_01	Посох дикого мага
143	items_Equipments_Weapons_BattleAxe_Dwarf_T3_01	Боевой топор гнома
417	items_Equipments_Weapons_GreatAxe_Dwarf_T3_01	Большой топор гномов
418	items_Equipments_Weapons_Hatchet_Orc_T2_01	Ручной топор орка
419	items_Equipments_Weapons_BattleAxe_Orc_T2_01	Боевой топор орка
475	items_Equipments_Weapons_HayFork	Вилы
375	items_Equipments_Weapons_Iron_torch	Железный факел
476	items_Equipments_Weapons_PitchFork	Стальные вилы
182	items_Equipments_Weapons_Pavise_T2_01	Павеза солдата
402	items_Equipments_Weapons_Shovel	Лопата
392	items_Equipments_Weapons_SmithHammer	Кузнечный молот
393	items_Equipments_Weapons_SmithSword	Меч кузнеца
181	items_Equipments_Weapons_KiteShield_T3_01	Каплевидный щит рыцаря
668	items_Equipments_Weapons_LongSword_T4_01	Длинный меч аристократа
669	items_Equipments_Weapons_LongSword_T3_01	Длинный меч эльфа
670	items_Equipments_Weapons_TwoHandedDoubleAxe_T4_01	Двуручный обоюдоострый топор вождя
245	items_Equipments_Weapons_Club_Orc_T2_01	Усиленная дубина орка
420	items_Equipments_Weapons_Dagger_Dwarf_T3_01	Кинжал гнома
671	items_Equipments_Weapons_TwoHandedClub_T2_01	Усиленная двуручная булава
246	items_Equipments_Weapons_TwoHandedWarhammer_Dwarf_T3_01	Боевой молот-клевец гнома
146	items_Equipments_Weapons_LeatherShield_T3_01	Элитный кожаный щит «Цинлуань»
147	items_Equipments_Weapons_TwoHandedWarHammer_T3_01	Боевой молот-клевец гвардии
247	items_Equipments_Weapons_WarHammer_Dwarf_T3_01	Военный молот гнома
421	items_Equipments_Weapons_Club_Orc_T2_01	Усиленная дубина орка
445	items_Equipments_Weapons_WarHammer_WSO_T3	Боевой молот ордена Белого Коня
446	items_Equipments_Weapons_Mace_WarHammer_WSO_T3	Гвоздебой ордена Белого Коня
677	items_Equipments_Weapons_Spear_T1_01	Копьё
672	items_Equipments_Weapons_TrapezoidalShield_T2_01	Большой щит
673	items_Equipments_Weapons_Longaxe_T1_01	Секира соратника
674	items_Equipments_Weapons_Bardiche_T1_01	Бердыш
675	items_Equipments_Weapons_TowerShield_T3_01	Башенный щит рыцаря
676	items_Equipments_Weapons_Poleaxe_T5_01	Длинный топор императора
447	items_Equipments_Weapons_Staff_T2_01	Посох дикого мага
448	items_Equipments_Weapons_Staff_T4_01	Посох магистра
449	items_Equipments_Weapons_Staff_T3_01	Посох чародея
480	items_Equipments_Weapons_Staff_T5_02	Легендарный посох
442	items_Equipments_Weapons_Staff_T3_01	Посох чародея
481	items_Equipments_Weapons_Staff_T3_01	Посох чародея
139	items_Equipments_Weapons_CrossbowQuiver_T3_01	Колчан болтов охотника
145	items_Equipments_Weapons_HeavyCrossbow_T3_01	Тяжёлый арбалет элитного воина
140	items_Equipments_Weapons_CrossbowQuiver_T1_01	Колчан болтов
155	items_Equipments_Weapons_KiteShield_T3_01	Каплевидный щит рыцаря
156	items_Equipments_Weapons_KiteShield_T3_01	Каплевидный щит рыцаря
593	items_Equipments_Weapons_KiteShield_T2_01	Каплевидный щит солдата
680	items_Equipments_Weapons_KnightShield_T3_01	Рыцарский щит капитана гвардии
157	items_Equipments_Weapons_KnightShield_T4_01	Рыцарский щит лорда
158	items_Equipments_Weapons_HeaterShield_T1_01	Треугольный щит
151	items_Equipments_Weapons_HeaterShield_T2_01	Треугольный щит стражи
152	items_Equipments_Weapons_HeaterShield_T3_01	Треугольный щит капитана стражи
589	items_Equipments_Weapons_KnightShield_T2_01	Рыцарский щит
681	items_Equipments_Weapons_RoundShield_T3_01	Круглый щит элитного воина
450	items_Equipments_Weapons_HeaterShield_WSO_T3	Каплевидный щит ордена Белого Коня
451	items_Equipments_Weapons_RoundShield_WSO_T2	Круглый щит ордена Белого Коня
452	items_Equipments_Weapons_TowerShield_WSO_T4	Башенный щит ордена Белого Коня
689	items_Equipments_Weapons_Falchion_T3_01	Широкий меч бандита
691	items_Equipments_Weapons_Rapier_T4_01	Рапира короля
693	items_Equipments_Weapons_Sabre_T5_01	Командир судьбы
422	items_Equipments_Weapons_ShortSword_Dwarf_T3_01	Клинок гнома
250	items_Equipments_Weapons_Machete_Orc_T1_02	Тесак орка
251	items_Equipments_Weapons_Cutlass_Orc_T2_01	Абордажная сабля орка
373	items_Equipments_Weapons_LongSword_Dwarf_T3_01	Древний двуручный меч гнома
374	items_Equipments_Weapons_ShortSword_Orc_T3_01	Клинок орка
500	items_Equipments_Weapons_Stone_Sword	Каменный меч
219	items_Equipments_Weapons_Staff_T4_01	Посох магистра
444	items_Equipments_Weapons_GreatSword_WSO_T4	Большой меч ордена Белого Коня
453	items_Equipments_Weapons_KnightSword_WSO_T4	Рыцарский меч ордена Белого Коня
1049	items_Equipments_Armors_Bandit_Upper_v1	Балахон бандита
1050	items_Equipments_Armors_Bandit_Upper_v1	Балахон бандита
1051	items_Equipments_Armors_Bandit_Upper_v1	Балахон бандита
37	items_Equipments_Armors_BanditBoss_Lower	Безупречные кожаные поножи главаря бандитов
11	items_Equipments_Armors_BanditBoss_Upper	Безупречное одеяние главаря бандитов
27	items_Equipments_Armors_Helmet_merc_01_a	Кожаная шапка
1042	items_Equipments_Armors_Mercenary_Lower_T2	Усиленные поножи бандита-наёмника
1200	items_Equipments_Armors_Mercenary_Upper_T1	Укреплённый нагрудник бандита-наёмника
1043	items_Equipments_Armors_Mercenary_Upper_T2	Усиленный нагрудник бандита-наёмника
6	items_Equipments_Armors_Knight_LegArmor_T1	Усиленные рыцарские поножи
7	items_Equipments_Armors_North_Lower_T2_1	Укреплённые поножи северянина
8	items_Equipments_Armors_North_Lower_T2_1	Укреплённые поножи северянина
9	items_Equipments_Armors_North_Lower_T3_1	Усиленные поножи северянина
10	items_Equipments_Armors_North_Lower_T3_1	Усиленные поножи северянина
1209	items_Equipments_Armors_North_Lower_T1_1	Поножи северянина
1210	items_Equipments_Armors_North_Lower_T1_1	Поножи северянина
621	items_Equipments_Armors_Solider_Lower_T1_1	Стеганые штаны солдата
1038	items_Equipments_Armors_Solider_Lower_T1_1	Стеганые штаны солдата
623	items_Equipments_Armors_Solider_Lower_T2_1	Укреплённые стеганые штаны солдата
637	items_Equipments_Armors_Bandit_Lower_1	Кожаные поножи бандита
617	items_Equipments_Armors_Bandit_Lower_1	Кожаные поножи бандита
1034	items_Equipments_Armors_Solider_Lower_T2_1	Укреплённые стеганые штаны солдата
1211	items_Equipments_Armors_Bruteman_Chief_Boots	Усиленные сапоги вождя серых орков
1212	items_Equipments_Armors_Bruteman_Chief_Chest	Усиленная туника вождя серых орков
1214	items_Equipments_Armors_Bruteman_Hunter_Boots	Укреплённые сапоги охотника серых орков
1215	items_Equipments_Armors_Bruteman_Hunter_Chest	Укреплённая туника охотника серых орков
1216	items_Equipments_Armors_Bruteman_Shaman_Chest	Безупречная туника шамана серых орков
1218	items_Equipments_Armors_Bruteman_Shaman_Helmet	Безупречный головной убор шамана серых орков
287	items_Equipments_Armors_Bruteman_Trader_Boots	Сапоги торговца серых орков
288	items_Equipments_Armors_Bruteman_Trader_Chest	Туника торговца серых орков
308	items_Equipments_Armors_Bruteman_Warrior_ChestArmor	Укреплённый полулатный нагрудник воина серых орков
310	items_Equipments_Armors_Bruteman_Warrior_Helmet	Укреплённый шлем воина серых орков
307	items_Equipments_Armors_Bruteman_Warrior_LegArmor	Укреплённые полулатные сапоги воина серых орков
253	items_Equipments_Armors_BarmaidA_Upper	Мастерская куртка барменши
254	items_Equipments_Armors_BarmaidA_Lower	Мастерские штаны барменши
255	items_Equipments_Armors_BarmaidA_Upper	Куртка барменши
256	items_Equipments_Armors_BarmaidA_Hat	Шапка барменши
258	items_Equipments_Armors_BarmaidA_Lower	Штаны барменши
69	items_Equipments_Armors_Civilian_Medieval_Upper_1	Рубаха жителя
70	items_Equipments_Armors_Civilian_Medieval_Head_2	Шляпа жителя
68	items_Equipments_Armors_Civilian_Dancer_Outfit_1	Наряд танцовщицы
407	items_Equipments_Armors_Civilian_Medieval_Lower_10	Штаны благородного жителя
408	items_Equipments_Armors_Civilian_Medieval_Upper_10	Рубаха благородного жителя
82	items_Equipments_Armors_Shirt_A_1	Рубашка
81	items_Equipments_Armors_Shirt_A_1	Рубашка
71	items_Equipments_Armors_NobleLadys_Dress_A	Усиленное платье благородной дамы
268	items_Equipments_Armors_NobleLadys_Dress_A	Усиленное платье благородной дамы
272	items_Equipments_Armors_NobleLadys_Hat_A	Усиленная шляпка благородной дамы
273	items_Equipments_Armors_NobleLadys_Hat_A	Усиленная шляпка благородной дамы
276	items_Equipments_Armors_NobleLadys_Shoes_B	Усиленные туфли благородной дамы
73	items_Equipments_Armors_Shirt_A_1	Рубашка
74	items_Equipments_Armors_Shirt_A_1	Рубашка
72	items_Equipments_Armors_Shirt_A_1	Рубашка
76	items_Equipments_Armors_Shirt_A_1	Рубашка
75	items_Equipments_Armors_Shirt_A_1	Рубашка
78	items_Equipments_Armors_Shirt_A_1	Рубашка
77	items_Equipments_Armors_Shirt_A_1	Рубашка
80	items_Equipments_Armors_Shirt_A_1	Рубашка
79	items_Equipments_Armors_Shirt_A_1	Рубашка
263	items_Equipments_Armors_Shirt_A_1	Рубашка
432	items_Equipments_Armors_Shirt_Female_A	Усиленная женская рубашка
433	items_Equipments_Armors_Shirt_Female_A	Усиленная женская рубашка
264	items_Equipments_Armors_Shirt_A_1	Рубашка
265	items_Equipments_Armors_Shirt_A_1	Рубашка
266	items_Equipments_Armors_Shirt_A_1	Рубашка
289	items_Equipments_Armors_Dwarf_Artisan_Chest	Усиленный бригантинный нагрудник гнома-ремесленника
290	items_Equipments_Armors_Dwarf_Artisan_Helmet	Усиленный капюшон гнома-ремесленника
291	items_Equipments_Armors_Dwarf_Artisan_Leg	Усиленные бригантинные поножи гнома-ремесленника
13	items_Equipments_Armors_Elf_Common_cloth	Простое эльфийское одеяние
342	items_Equipments_Armors_Elf_Common_shoe	Простая эльфийская обувь
98	items_Equipments_Armors_Elf_Ranger_Boots	Усиленные кожаные сапоги эльфийского рейнджера
99	items_Equipments_Armors_Elf_Ranger_Chest	Усиленный кожаный нагрудник эльфийского рейнджера
376	items_Equipments_Armors_Elf_Ranger_Helmet	Усиленный шлем эльфийского рейнджера
478	items_Equipments_Wearing_KEYNPC_Aldus_FullOutfit	Безупречный наряд Альдуса
1286	items_Equipments_Wearing_KEYNPC_Alvaro_FullOutfit	Усиленная одежда Альваро
1287	items_Equipments_Wearing_KEYNPC_Clemente_FullOutfit	Безупречный наряд Клементе
1288	items_Equipments_Wearing_KEYNPC_Garold_FullOutfit	Безупречный наряд Гарольда
1289	items_Equipments_Wearing_KEYNPC_Loreto_FullOutfit	Безупречный наряд Лорето
503	items_Equipments_Wearing_KEYNPC_Martina_Outfit	Усиленный наряд Мартины
1290	items_Equipments_Wearing_KEYNPC_Phoebe_Outfit	Усиленный наряд Фиби
479	items_Equipments_Wearing_KEYNPC_Soltan_FullOutfit	Усиленная одежда Солтана
496	items_Equipments_Wearing_KEYNPC_Takam_FullOutfit	Усиленная одежда Такама
542	items_Equipments_Wearing_KEYNPC_Teodulo_FullOutfit	Усиленный наряд Теодуло
629	items_Equipments_Armors_Gladiator_Champion_Heavy_Boots	Безупречные тяжёлые сапоги чемпиона
630	items_Equipments_Armors_Gladiator_Champion_Heavy_Chest	Безупречный тяжёлый нагрудник чемпиона
727	items_Equipments_Armors_Gladiator_Champion_Light_Helmet	Безупречный лёгкий шлем чемпиона
694	items_Equipments_Armors_Gladiator_Champion_Medium_Helmet	Безупречный средний шлем чемпиона
632	items_Equipments_Armors_Gladiator_Champion_Heavy_Helmet	Безупречный тяжёлый шлем чемпиона
696	items_Equipments_Armors_Gladiator_Champion_Light_Boots	Безупречные лёгкие сапоги чемпиона
697	items_Equipments_Armors_Gladiator_Champion_Light_Chest	Безупречный лёгкий нагрудник чемпиона
700	items_Equipments_Armors_Gladiator_Champion_Medium_Boots	Безупречные средние сапоги чемпиона
701	items_Equipments_Armors_Gladiator_Champion_Medium_Chest	Безупречный средний нагрудник чемпиона
1095	items_Equipments_Armors_Gladiator_Bruteman_Helmet_1	Шлем серых орков
1096	items_Equipments_Armors_Gladiator_Bruteman_Helmet_1	Шлем серых орков
1097	items_Equipments_Armors_Gladiator_Bruteman_Helmet_1	Шлем серых орков
627	items_Equipments_Armors_Gladiator_Helmet_1	Усиленный тяжёлый шлем гладиатора
743	items_Equipments_Armors_Gladiator_Helmet_1	Усиленный тяжёлый шлем гладиатора
744	items_Equipments_Armors_Gladiator_Helmet_3	Укреплённый средний шлем гладиатора
745	items_Equipments_Armors_Gladiator_Helmet_1	Усиленный лёгкий шлем гладиатора
751	items_Equipments_Armors_Gladiator_Helmet_3	Укреплённый лёгкий шлем гладиатора
544	items_Equipments_Armors_Gladiator_Junior_Heavy_Boots	Тяжёлые сапоги гладиатора
703	items_Equipments_Armors_Gladiator_Junior_Heavy_Boots_T2	Укреплённые тяжёлые сапоги гладиатора
731	items_Equipments_Armors_Gladiator_Junior_Heavy_Boots_T3	Усиленные тяжёлые сапоги начинающего гладиатора
341	items_Equipments_Armors_Gladiator_Junior_Heavy_Chest	Тяжёлый нагрудник гладиатора
704	items_Equipments_Armors_Gladiator_Junior_Heavy_Chest_T2	Укреплённый тяжёлый нагрудник гладиатора
732	items_Equipments_Armors_Gladiator_Junior_Heavy_Chest_T3	Усиленный тяжёлый нагрудник начинающего гладиатора
548	items_Equipments_Armors_Gladiator_Junior_Light_Boots	Лёгкие сапоги гладиатора
707	items_Equipments_Armors_Gladiator_Junior_Light_Boots_T2	Укреплённые лёгкие сапоги гладиатора
735	items_Equipments_Armors_Gladiator_Junior_Light_Boots_T3	Усиленные лёгкие сапоги начинающего гладиатора
322	items_Equipments_Armors_Gladiator_Junior_Light_Chest	Лёгкий нагрудник гладиатора
708	items_Equipments_Armors_Gladiator_Junior_Light_Chest_T2	Укреплённый лёгкий нагрудник гладиатора
736	items_Equipments_Armors_Gladiator_Junior_Light_Chest_T3	Усиленный лёгкий нагрудник начинающего гладиатора
550	items_Equipments_Armors_Gladiator_Junior_Medium_Boots	Средние сапоги гладиатора
711	items_Equipments_Armors_Gladiator_Junior_Medium_Boots_T2	Укреплённые средние сапоги гладиатора
739	items_Equipments_Armors_Gladiator_Junior_Medium_Boots_T3	Усиленные средние сапоги начинающего гладиатора
323	items_Equipments_Armors_Gladiator_Junior_Medium_Chest	Средний нагрудник гладиатора
712	items_Equipments_Armors_Gladiator_Junior_Medium_Chest_T2	Укреплённый средний нагрудник гладиатора
740	items_Equipments_Armors_Gladiator_Junior_Medium_Chest_T3	Усиленный средний нагрудник начинающего гладиатора
553	items_Equipments_Armors_Gladiator_Senior_Heavy_Boots	Укреплённые тяжёлые сапоги старшего гладиатора
386	items_Equipments_Armors_Gladiator_Senior_Heavy_Chest	Укреплённый тяжёлый нагрудник старшего гладиатора
716	items_Equipments_Armors_Gladiator_Senior_Heavy_Chest_T2	Усиленный тяжёлый нагрудник старшего гладиатора
718	items_Equipments_Armors_Gladiator_Senior_Heavy_Boots_T2	Усиленные тяжёлые сапоги старшего гладиатора
558	items_Equipments_Armors_Gladiator_Senior_Light_Boots	Укреплённые лёгкие сапоги старшего гладиатора
719	items_Equipments_Armors_Gladiator_Senior_Light_Boots_T2	Усиленные лёгкие сапоги старшего гладиатора
385	items_Equipments_Armors_Gladiator_Senior_Light_Chest	Укреплённый лёгкий нагрудник старшего гладиатора
720	items_Equipments_Armors_Gladiator_Senior_Light_Chest_T2	Усиленный лёгкий нагрудник старшего гладиатора
561	items_Equipments_Armors_Gladiator_Senior_Medium_Boots	Укреплённые средние сапоги старшего гладиатора
723	items_Equipments_Armors_Gladiator_Senior_Medium_Boots_T2	Усиленные средние сапоги старшего гладиатора
384	items_Equipments_Armors_Gladiator_Senior_Medium_Chest	Укреплённый средний нагрудник старшего гладиатора
724	items_Equipments_Armors_Gladiator_Senior_Medium_Chest_T2	Усиленный средний нагрудник старшего гладиатора
369	items_Equipments_Armors_Slave1_Chest	Рубаха раба
372	items_Equipments_Armors_Slave1_Shoes	Обувь раба
346	items_Equipments_Armors_Slave1_Chest	Рубаха раба
349	items_Equipments_Armors_Slave1_Shoes	Обувь раба
350	items_Equipments_Armors_Slave1_Chest	Рубаха раба
353	items_Equipments_Armors_Slave1_Shoes	Обувь раба
354	items_Equipments_Armors_Slave1_Chest	Рубаха раба
356	items_Equipments_Armors_Slave4_Head	Шапка раба
358	items_Equipments_Armors_Slave1_Shoes	Обувь раба
359	items_Equipments_Armors_Slave1_Chest	Рубаха раба
362	items_Equipments_Armors_Slave1_Shoes	Обувь раба
278	items_Equipments_Armors_Greenleaves_Rogue_Armor	Усиленный кожаный доспех разбойника «Зелёных листьев»
277	items_Equipments_Armors_Greenleaves_Rogue_Boots	Усиленные кожаные сапоги разбойника «Зелёных листьев»
280	items_Equipments_Armors_Greenleaves_Rogue_HoodCap	Усиленный капюшон разбойника «Зелёных листьев»
1204	items_Equipments_Armors_Bandit_cloth_hood	Капюшон бандита
546	items_Equipments_Armors_Solider_chain_hood	Укреплённый кольчужный капюшон солдата
14	items_Equipments_Armors_Knight_ChestArmor_T2	Безупречный рыцарский нагрудник
15	items_Equipments_Armors_Knight_ChestArmor_T2	Безупречный рыцарский нагрудник
16	items_Equipments_Armors_Knight_ChestArmor_T1	Усиленный рыцарский нагрудник
17	items_Equipments_Armors_Knight_ChestArmor_T1	Усиленный рыцарский нагрудник
547	items_Equipments_Armors_Helmet_crusader_01_a	Усиленный тяжёлый рыцарский шлем
616	items_Equipments_Armors_Helmet_crusader_01_a	Усиленный тяжёлый рыцарский шлем
557	items_Equipments_Armors_Helmet_crusader_01_a	Усиленный тяжёлый рыцарский шлем
556	items_Equipments_Armors_Helmet_knight_01_a	Безупречный рыцарский закрытый шлем
555	items_Equipments_Armors_Helmet_knight_01_a	Безупречный рыцарский закрытый шлем
26	items_Equipments_Armors_Helmet_knight_01_a	Безупречный рыцарский закрытый шлем
38	items_Equipments_Armors_Knight_LegArmor_T2	Безупречные рыцарские поножи
41	items_Equipments_Armors_Mage_Wild_T2_Shoes	Мастерские штаны дикого мага
28	items_Equipments_Armors_Mage_Wild_T2_Robe	Мастерская мантия дикого мага
1132	items_Equipments_Armors_Monk_Boots_T4	Безупречная обувь монаха-стража
1133	items_Equipments_Armors_Monk_Boots_T3	Усиленная обувь старшего боевого монаха
1134	items_Equipments_Armors_Monk_Boots_T2	Укреплённая обувь боевого монаха
1135	items_Equipments_Armors_Monk_Cloth_T4	Безупречное одеяние монаха-стража
1136	items_Equipments_Armors_Monk_Cloth_T3	Усиленное одеяние старшего боевого монаха
1137	items_Equipments_Armors_Monk_Cloth_T2	Укреплённое одеяние боевого монаха
1155	items_Equipments_Armors_Monk_Hat_Bamboo	Усиленная бамбуковая шляпа
1156	items_Equipments_Armors_Monk_Hat_Iron	Безупречная железная шляпа
29	items_Equipments_Armors_Helmet_north_T2	Укреплённый шлем северянина
30	items_Equipments_Armors_Helmet_north_T1	Шлем северянина
31	items_Equipments_Armors_Helmet_north_T3	Усиленный шлем северянина
1205	items_Equipments_Armors_North_Upper_T3_1	Усиленный доспех северянина
1206	items_Equipments_Armors_North_Upper_T3_1	Усиленный доспех северянина
1047	items_Equipments_Armors_North_Upper_T1_1	Доспех северянина
1048	items_Equipments_Armors_North_Upper_T1_1	Доспех северянина
1207	items_Equipments_Armors_North_Upper_T2_1	Укреплённый доспех северянина
1054	items_Equipments_Armors_North_Upper_T2_1	Укреплённый доспех северянина
1055	items_Equipments_Armors_North_Upper_T2_1	Укреплённый доспех северянина
1056	items_Equipments_Armors_North_Upper_T2_1	Укреплённый доспех северянина
335	items_Equipments_Armors_Assassin_Boots	Безупречные сапоги убийцы
337	items_Equipments_Armors_Assassin_Chest	Безупречный нагрудник убийцы
42	items_Equipments_Armors_Bard_Boots	Усиленные сапоги барда
43	items_Equipments_Armors_Bard_Chest	Усиленная одежда барда
325	items_Equipments_Armors_BlackSmith_Boots	Мастерские сапоги кузнеца
326	items_Equipments_Armors_BlackSmith_Chest	Мастерская одежда кузнеца
1285	items_Equipments_Wearing_KEYNPC_Fiorella_Clock	Безупречные часы Фиореллы
344	items_Equipments_Armors_Mage_Devout_T2_Robe	Мастерская роба благочестивого мага
345	items_Equipments_Armors_Mage_Devout_T2_Shoes	Мастерская обувь благочестивого мага
32	items_Equipments_Armors_MonsterButcher_Boots	Безупречные сапоги мясника монстров
33	items_Equipments_Armors_MonsterButcher_Chest	Безупречный доспех мясника монстров
36	items_Equipments_Armors_MonsterButcher_Helmet	Безупречный шлем мясника монстров
87	items_Equipments_Armors_Civilian_Medieval_Lower_1	Штаны гражданина
88	items_Equipments_Armors_Civilian_Medieval_Upper_1	Рубаха гражданина
89	items_Equipments_Armors_Civilian_Medieval_Head_2	Шляпа гражданина
91	items_Equipments_Armors_Civilian_Medieval_Lower_1	Штаны гражданина
92	items_Equipments_Armors_Civilian_Medieval_Upper_1	Рубаха гражданина
95	items_Equipments_Armors_Civilian_Dancer_Outfit_1	Наряд танцовщицы
96	items_Equipments_Armors_Civilian_Medieval_Upper_1	Рубаха гражданина
97	items_Equipments_Armors_Civilian_Medieval_Head_2	Шляпа гражданина
241	items_Equipments_Armors_Ranger_Boots	Безупречные ботинки рейнджера
242	items_Equipments_Armors_Ranger_Chest	Безупречный нагрудник рейнджера
404	items_Equipments_Armors_Helmet_soldier_01	Шлем солдата
405	items_Equipments_Armors_Helmet_soldier_01	Шлем солдата
406	items_Equipments_Armors_Helmet_soldier_01	Шлем солдата
415	items_Equipments_Armors_Helmet_soldier_01	Укреплённый тяжёлый шлем солдата
423	items_Equipments_Armors_Helmet_soldier_01	Укреплённый средний шлем солдата
424	items_Equipments_Armors_Helmet_soldier_01	Усиленный средний шлем солдата
618	items_Equipments_Armors_Solider_Chest_T3_1	Усиленный средний нагрудник солдата
1039	items_Equipments_Armors_Solider_Chest_T2_1	Укреплённый стеганый нагрудник солдата
635	items_Equipments_Armors_Solider_Chest_T1_1	Стеганый нагрудник солдата
638	items_Equipments_Armors_Solider_Chest_T1_1	Стеганый нагрудник солдата
1035	items_Equipments_Armors_Solider_Chest_T1_1	Стеганый нагрудник солдата
624	items_Equipments_Armors_Solider_Chest_T2_1	Укреплённый средний нагрудник солдата
777	items_Materials_ElvenWood	Эльфийская древесина
778	items_Materials_Herbs_Plantago	Подорожник
779	items_Materials_Herbs_Nettle	Крапива
780	items_Materials_Iron	Железо
781	items_Materials_IronFir	Железное дерево
782	items_Materials_Leather	Кожа
783	items_Materials_LizardSkin	Кожа ящерицы
1282	items_Materials_Herbs_Sage	Шалфей
1283	items_Materials_Herbs_Comfrey	Окопник
1284	items_Materials_Herbs_Verbena	Вербена
784	items_Materials_Mithril	Мифрил
785	items_Materials_MonsterMaterials_Anti-magic scales	Антимагическая чешуя
1072	items_Materials_MonsterMaterials_BatEar	Ухо летучей мыши
786	items_Materials_MonsterMaterials_Bear's paw	Медвежья лапа
1073	items_Materials_MonsterMaterials_BoneMeal	Костная мука
800	items_Materials_MonsterMaterials_Centaur heel tendon	Пяточное сухожилие кентавра
787	items_Materials_MonsterMaterials_Chameleon eye	Глаз хамелеона
788	items_Materials_MonsterMaterials_Chameleon tongue	Язык хамелеона
789	items_Materials_MonsterMaterials_Chitinous plating	Хитиновая пластина
790	items_Materials_MonsterMaterials_Crocodile tail	Крокодилий хвост
1074	items_Materials_MonsterMaterials_DarkLordHeart	Сердце тёмного лорда
1075	items_Materials_MonsterMaterials_EarthSpirit	Дух земли
1076	items_Materials_MonsterMaterials_ForestSpirit	Дух леса
1077	items_Materials_MonsterMaterials_GhoulBrain	Мозг вурдалака
791	items_Materials_MonsterMaterials_Giant arm	Рука великана
792	items_Materials_MonsterMaterials_Giant beak	Гигантский клюв
793	items_Materials_MonsterMaterials_Giant goblins brain	Мозг гоблина-великана
794	items_Materials_MonsterMaterials_Giant leg bone	Кость ноги великана
795	items_Materials_MonsterMaterials_Goblins blood	Кровь гоблинов
1078	items_Materials_MonsterMaterials_GriffinClaw	Коготь грифона
796	items_Materials_MonsterMaterials_Harpy feathers	Перья гарпии
1144	items_Materials_MonsterMaterials_HighLevel_ChimeraScale	Чешуя химеры
1145	items_Materials_MonsterMaterials_HighLevel_GiantBeetleWings	Крылья гигантского жука
1146	items_Materials_MonsterMaterials_HighLevel_GriffinEgg	Яйцо грифона
1147	items_Materials_MonsterMaterials_HighLevel_ManticoreHeart	Сердце мантикоры
1148	items_Materials_MonsterMaterials_HighLevel_ScorpionTail	Хвост гигантского скорпиона
797	items_Materials_MonsterMaterials_Hippo's stomach	Желудок бегемота
1079	items_Materials_MonsterMaterials_MagicDust	Волшебная пыль
798	items_Materials_MonsterMaterials_Ogre fat	Жир огра
799	items_Materials_MonsterMaterials_Passivation scales	Инертная чешуя
801	items_Materials_MonsterMaterials_Rat meat	Сырое мясо крысы
802	items_Materials_MonsterMaterials_Rhino horn	Рог носорога
1080	items_Materials_MonsterMaterials_SkySpirit	Дух неба
803	items_Materials_MonsterMaterials_Spider gland	Паучья железа
804	items_Materials_MonsterMaterials_Strong acid	Едкая кислота
805	items_Materials_MonsterMaterials_Tenderloin	Вырезка
806	items_Materials_MonsterMaterials_The lion heart	Сердце льва
807	items_Materials_MonsterMaterials_The lion ribs	Львиные рёбрышки
808	items_Materials_MonsterMaterials_The viper meat	Мясо гадюки
809	items_Materials_MonsterMaterials_The viper skin	Кожа гадюки
810	items_Materials_MonsterMaterials_The wolf liver	Волчья печень
811	items_Materials_MonsterMaterials_Troll's teeth	Зубы тролля
812	items_Materials_MonsterMaterials_Tusks	Бивни
1081	items_Materials_MonsterMaterials_WerespiderBrain	Мозг паука-оборотня
1082	items_Materials_MonsterMaterials_WitchEyeball	Глазное яблоко ведьмы
813	items_Materials_Steel	Сталь
814	items_Materials_Herbs_Elfsong	Эльфийская песня
815	items_Materials_ThickLeather	Толстая кожа
816	items_Materials_Timber	Древесина
1201	items_QuestItem_StrangeCoin	Странная монета
1120	items_QuestItem_Ancient martial scroll	Древний боевой свиток
1296	items_QuestItem_Brea_Badge of GreenLeaves	Знак зелёных листьев
425	items_QuestItem_Breawoods_Bear's heart	Медвежье сердце
1199	items_QuestItem_Brea_BlackSmithKey	Ключ кузнеца
426	items_QuestItem_Breawoods_Boar's heart	Сердце кабана
1297	items_QuestItem_Boll Freeland observations	Наблюдения Фриленда
427	items_QuestItem_CastleThinwood_TheLostBracelet	Потерянный браслет
495	items_QuestItem_Breawoods_List of Goods_Dexter	Список товаров Декстера
854	items_QuestItem_Brea_Glass	Стекло
1220	items_QuestItem_Greyhills_Havdan's Key	Ключ Хавдана
497	items_QuestItem_Brea_HorseShit	Конское дерьмо
430	items_QuestItem_BTA_IronDoorKey	Железный ключ от двери
431	items_QuestItem_Brea_Mirada's letter	Письмо Мирады
1221	items_QuestItem_Brea_OldPayne's Key	Ключ старого Пейна
1299	items_QuestItem_Brea_Phillis's Key	Ключ Филлиса
498	items_QuestItem_Breawoods_Saint's sin	Святой грех
462	items_QuestItem_Greyhills_Sallie's ring	Кольцо Салли
493	items_QuestItem_BTA_SpecialPass	Специальный пропуск
441	items_QuestItem_Breawoods_Stag's heart	Оленье сердце
1303	items_QuestItem_Stirrup_Amputation	Набор для ампутации
1304	items_QuestItem_Stirrup_BalloonFlower	Колокольчик
1305	items_QuestItem_Stirrup_BloodstainedRing	Окровавленное кольцо
1300	items_QuestItem_Stirrup_Boll Freeland observations	Наблюдения Фриленда
1301	items_QuestItem_Stirrup_BrokenShackles	Сломанные кандалы
1308	items_QuestItem_Stirrup_Jadeite	Жадеит
65800	items_QuestItem_Stirrup_Manthero	Мантеро
1310	items_QuestItem_Stirrup_Comfrey	Окопник
1311	items_QuestItem_Stirrup_WhiteRhinoHorn	Рог белого носорога
1312	items_QuestItem_Stirrup_WildAzalea	Дикая азалия
1203	items_QuestItem_Greyhills_Tandy's Key	Ключ Тэнди
457	items_QuestItem_BTA_TortureRoomKey	Ключ от комнаты пыток
459	items_QuestItem_Breawoods_Wolf's heart	Волчье сердце
473	items_Readable_CastleThinwood_A_Soldier's_Letter	Солдатское письмо
1202	items_Readable_Brea_Daily_OldPayne	Ежедневная газета старого Пейна
501	items_Readable_CastleThinwood_IllegibleLetter	Неразборчивое письмо
502	items_Readable_CastleThinwood_Letter_LadyLeighton	Письмо леди Лейтон
752	items_Readable_Breawoods_Letter_2	Письмо
753	items_Readable_Greyhills_Letter_Miner	Письмо шахтёра
754	items_Readable_Greyhills_Letter_InnKeeper	Письмо трактирщика
909	items_Readable_Brea_Letter_To_Magnolia	Письмо Магнолии
1313	items_QuestItem_PirateIsland_dairyA	Дневник А
1314	items_QuestItem_PirateIsland_dairyB	Дневник Б
1316	items_QuestItem_PirateIsland_LetterFromBoden	Письмо Бодена
1317	items_QuestItem_PirateIsland_LetterFromBuck	Письмо от Бака
1318	items_QuestItem_PirateIsland_LetterToAnn	Письмо Энн
1319	items_QuestItem_PirateIsland_MisaddressedLetter	Письмо не по адресу
1321	items_Readable_Strriup_DiggoryPaper	Записка Диггори
1322	items_Readable_Strriup_DuttonSlaveList	Список рабов Даттона
1323	items_Readable_Strriup_EscapePaper	Дневник побега
1324	items_Readable_Strriup_ListofPatrons	Список покровителей
1325	items_Readable_Strriup_MarthJournal	Дневник Марта
1326	items_Readable_Strriup_TonyJournal	Дневник Тони
1083	items_Readable_TestNote	Записка
1327	items_Readable_TheBigMarket_AccountBook	Бухгалтерская книга
1328	items_Readable_TheBigMarket_Letter_with_bloodstain	Письмо с пятном крови
1329	items_Readable_TheBigMarket_Notification	Уведомление
1330	items_Readable_TheBigMarket_ShoppingList	Список покупок
1331	items_Specialitem_Strriup_WeirdKey	Странный ключ
1087	items_Trashes_FineCase	Прекрасный сундук
1088	items_Trashes_IronNail	Железный гвоздь
1091	items_Trashes_SilverMirror	Серебряное зеркало
1093	items_Equipments_Weapons_Flail_T1_01	Кистень
1094	items_Equipments_Weapons_Flail_T2_01	Кистень стражи
1266	items_Equipments_Weapons_Flail_T3_01	Кистень стража порядка
1268	items_Equipments_Weapons_Flail_T4_01	Кистень судьи
1269	items_Equipments_Weapons_TwoHandedFlail_T1_01	Двуручный цеп
1270	items_Equipments_Weapons_TwoHandedFlail_T4_01	Двуручный цеп лорда
1271	items_Equipments_Weapons_TwoHandedFlail_T2_01	Двуручный цеп стражи
1272	items_Equipments_Weapons_TwoHandedFlail_T3_01	Двуручный цеп гвардии
1274	items_Equipments_Weapons_Crossbow_T5_01	Арбалет «Гремучая змея»
1273	items_Equipments_Weapons_Flail_T5_01	Вечно горящий огонь
1275	items_Equipments_Weapons_HeavyCrossbow_T5_01	Тяжёлый арбалет бури
1332	items_Equipments_Weapons_TwoHandedFlail_T5_01	Метеорит
1333	items_Equipments_Weapons_Shortbow_T5_02	Свет рассвета
194	items_Equipments_Weapons_TwoHandedWarHammer_T5_03	Разрушитель городов
1335	items_Equipments_Weapons_Naginata_T3_01	Нагината генерала
1336	items_Equipments_Weapons_Crossbow_T1_01	Лёгкий арбалет
1337	items_Equipments_Weapons_Crossbow_T3_01	Лёгкий арбалет охотника
1338	items_Equipments_Weapons_Crossbow_T2_01	Лёгкий арбалет разведчика
1339	items_Equipments_Weapons_Crossbow_T4_01	Усиленный лёгкий арбалет охотника
1340	items_Equipments_Weapons_Quiver_Elf_T4_01	Колчан элитных тупых стрел эльфа
1341	items_Equipments_Weapons_HeavyCrossbow_T1_01	Тяжёлый арбалет
1343	items_Equipments_Weapons_HeavyCrossbow_T2_01	Тяжёлый арбалет наемника
1344	items_Equipments_Weapons_HeavyCrossbow_T4_01	Тяжёлый арбалет вождя
1345	items_Equipments_Weapons_Longbow_Samurai_T3_01	Самурайский лук
1360	items_Readable_TheBlackmarket_Letter_Cecile_To_Tullio	Письмо Сесиль Туллио
1361	items_Consumables_Foods_CookedFoods_RoastFullChicken	Жареная целая курица
1362	items_Consumables_Foods_FoodIngredients_ChickenLeg	Куриная ножка
1403	items_Consumables_Foods_CookedFoods_RoastChickenLeg	Рецепт: Жареная куриная ножка
1363	items_Consumables_Potions_Acumen_Potion_Large	Рецепт: Большое зелье проницательности
1364	items_Consumables_Potions_Acumen_Potion_Medium	Рецепт: Среднее зелье проницательности
1365	items_Consumables_Potions_Acumen_Potion_Small	Рецепт: Маленькое зелье проницательности
1366	items_Consumables_Potions_Agility_Potion_Large	Рецепт: Большое зелье ловкости
1367	items_Consumables_Potions_Agility_Potion_Medium	Рецепт: Среднее зелье ловкости
1368	items_Consumables_Potions_Agility_Potion_Small	Рецепт: Маленькое зелье ловкости
1369	items_Consumables_Potions_Body_Potion_Large	Рецепт: Большое зелье тела
1370	items_Consumables_Potions_Body_Potion_Medium	Рецепт: Среднее зелье тела
1371	items_Consumables_Potions_Body_Potion_Small	Рецепт: Маленькое зелье тела
1372	items_Consumables_Potions_Endurance_Potion_Large	Рецепт: Большое зелье телосложения
1373	items_Consumables_Potions_Endurance_Potion_Medium	Рецепт: Среднее зелье телосложения
1374	items_Consumables_Potions_Endurance_Potion_Small	Рецепт: Маленькое зелье телосложения
1375	items_Consumables_Potions_Intelligence_Potion_Large	Рецепт: Большое зелье интеллекта
1376	items_Consumables_Potions_Intelligence_Potion_Medium	Рецепт: Среднее зелье интеллекта
1377	items_Consumables_Potions_Intelligence_Potion_Small	Рецепт: Маленькое зелье интеллекта
1378	items_Consumables_Potions_Physique_Potion_Large	Рецепт: Большое зелье телосложения
1379	items_Consumables_Potions_Physique_Potion_Medium	Рецепт: Среднее зелье телосложения
1380	items_Consumables_Potions_Physique_Potion_Small	Рецепт: Маленькое зелье телосложения
1381	items_Consumables_Potions_Precision_Potion_Large	Рецепт: Большое зелье восприятия
1382	items_Consumables_Potions_Precision_Potion_Medium	Рецепт: Среднее зелье восприятия
1383	items_Consumables_Potions_Precision_Potion_Small	Рецепт: Маленькое зелье восприятия
1384	items_Consumables_Potions_Soul_Potion_Large	Рецепт: Большое зелье души
1385	items_Consumables_Potions_Soul_Potion_Medium	Рецепт: Среднее зелье души
1386	items_Consumables_Potions_Soul_Potion_Small	Рецепт: Маленькое зелье души
1387	items_Consumables_Potions_Spirit_Potion_Large	Рецепт: Большое зелье духа
1388	items_Consumables_Potions_Spirit_Potion_Medium	Рецепт: Среднее зелье духа
1389	items_Consumables_Potions_Spirit_Potion_Small	Рецепт: Маленькое зелье духа
1390	items_Consumables_Potions_Strength_Potion_Large	Рецепт: Большое зелье силы
1391	items_Consumables_Potions_Strength_Potion_Medium	Рецепт: Среднее зелье силы
1392	items_Consumables_Potions_Strength_Potion_Small	Рецепт: Маленькое зелье силы
1393	items_Consumables_Potions_Willpower_Potion_Large	Рецепт: Большое зелье мудрости
1394	items_Consumables_Potions_Willpower_Potion_Medium	Рецепт: Среднее зелье мудрости
1395	items_Consumables_Potions_Willpower_Potion_Small	Рецепт: Маленькое зелье мудрости
1396	items_Consumables_Potions_Acumen_Potion_Large	Большое зелье проницательности
1397	items_Consumables_Potions_Acumen_Potion_Medium	Среднее зелье проницательности
1398	items_Consumables_Potions_Acumen_Potion_Small	Маленькое зелье проницательности
1399	items_Consumables_Potions_Agility_Potion_Large	Большое зелье ловкости
1400	items_Consumables_Potions_Agility_Potion_Medium	Среднее зелье ловкости
1401	items_Consumables_Potions_Agility_Potion_Small	Маленькое зелье ловкости
1402	items_Consumables_Potions_Body_Potion_Large	Большое зелье тела
1404	items_Consumables_Potions_Body_Potion_Medium	Среднее зелье тела
1405	items_Consumables_Potions_Body_Potion_Small	Маленькое зелье тела
1406	items_Consumables_Potions_Endurance_Potion_Large	Большое зелье телосложения
1407	items_Consumables_Potions_Endurance_Potion_Medium	Среднее зелье телосложения
1408	items_Consumables_Potions_Endurance_Potion_Small	Маленькое зелье телосложения
1409	items_Consumables_Potions_Intelligence_Potion_Large	Большое зелье интеллекта
1410	items_Consumables_Potions_Intelligence_Potion_Medium	Среднее зелье интеллекта
1411	items_Consumables_Potions_Intelligence_Potion_Small	Маленькое зелье интеллекта
1412	items_Consumables_Potions_Physique_Potion_Large	Большое зелье телосложения
1413	items_Consumables_Potions_Physique_Potion_Medium	Среднее зелье телосложения
1414	items_Consumables_Potions_Physique_Potion_Small	Маленькое зелье телосложения
1415	items_Consumables_Potions_Precision_Potion_Large	Большое зелье восприятия
1416	items_Consumables_Potions_Precision_Potion_Medium	Среднее зелье восприятия
1417	items_Consumables_Potions_Precision_Potion_Small	Маленькое зелье восприятия
1418	items_Consumables_Potions_Soul_Potion_Large	Большое зелье души
1419	items_Consumables_Potions_Soul_Potion_Medium	Среднее зелье души
1420	items_Consumables_Potions_Soul_Potion_Small	Маленькое зелье души
1421	items_Consumables_Potions_Spirit_Potion_Large	Большое зелье духа
1422	items_Consumables_Potions_Spirit_Potion_Medium	Среднее зелье духа
1423	items_Consumables_Potions_Spirit_Potion_Small	Маленькое зелье духа
1424	items_Consumables_Potions_Strength_Potion_Large	Большое зелье силы
1425	items_Consumables_Potions_Strength_Potion_Medium	Среднее зелье силы
1426	items_Consumables_Potions_Strength_Potion_Small	Маленькое зелье силы
1427	items_Consumables_Potions_Willpower_Potion_Large	Большое зелье мудрости
1428	items_Consumables_Potions_Willpower_Potion_Medium	Среднее зелье мудрости
1429	items_Consumables_Potions_Willpower_Potion_Small	Маленькое зелье мудрости
1431	items_Equipments_Weapons_BastardSword_T4_01	Рецепт: Полуторный меч аристократа
1436	items_Equipments_Weapons_ShortSword_T3_01	Рецепт: Клинок ночного стража
1438	items_Equipments_Weapons_Halberd_T1_01	Рецепт: Длинное копьё
1439	items_Equipments_Weapons_Halberd_T3_01	Рецепт: Длинное копьё воина
1441	items_Equipments_Weapons_Halberd_T4_01	Рецепт: Длинное копьё королевской гвардии
1443	items_Equipments_Weapons_Bardiche_T1_01	Рецепт: Бердыш
1444	items_Equipments_Weapons_Bardiche_T2_01	Рецепт: Усиленный бердыш
1446	items_Equipments_Weapons_Bardiche_T3_01	Рецепт: Бердыш разбойника
1448	items_Equipments_Weapons_Poleaxe_T1_01	Рецепт: Длинный топор
1449	items_Equipments_Weapons_Poleaxe_T2_01	Рецепт: Длинный топор солдата
1451	items_Equipments_Weapons_Poleaxe_T4_01	Рецепт: Длинный топор генерала
1453	items_Equipments_Weapons_Trident_T2_01	Рецепт: Трезубец
1454	items_Equipments_Weapons_Trident_T3_01	Рецепт: Трезубец элитного воина
1456	items_Equipments_Weapons_Trident_T4_01	Рецепт: Трезубец короля
1458	items_Equipments_Weapons_TwoHandedSpear_T1_01	Рецепт: Двуручное копьё
1459	items_Equipments_Weapons_TwoHandedSpear_T2_01	Рецепт: Двуручное копьё солдата
1461	items_Equipments_Weapons_TwoHandedSpear_T3_01	Рецепт: Элитное двуручное копьё
1463	items_Equipments_Weapons_Longbow_T1_01	Рецепт: Длинный лук
1464	items_Equipments_Weapons_Longbow_T2_01	Рецепт: Длинный лук эльфа
1466	items_Equipments_Weapons_Longbow_T3_01	Рецепт: Длинный лук ронина
1468	items_Equipments_Weapons_Shortbow_T1_01	Рецепт: Короткий лук
1469	items_Equipments_Weapons_Shortbow_T2_01	Рецепт: Короткий лук разведчика
1471	items_Equipments_Weapons_Shortbow_T3_01	Рецепт: Короткий лук охотника
1473	items_Equipments_Weapons_Crossbow_T1_01	Рецепт: Лёгкий арбалет
1474	items_Equipments_Weapons_Crossbow_T2_01	Рецепт: Лёгкий арбалет разведчика
1476	items_Equipments_Weapons_Crossbow_T4_01	Рецепт: Усиленный лёгкий арбалет охотника
1478	items_Equipments_Weapons_HeavyCrossbow_T1_01	Рецепт: Тяжёлый арбалет
1479	items_Equipments_Weapons_HeavyCrossbow_T2_01	Рецепт: Тяжёлый арбалет наемника
1481	items_Equipments_Weapons_HeavyCrossbow_T4_01	Рецепт: Тяжёлый арбалет вождя
1483	items_Equipments_Weapons_Buckler_T1_01	Рецепт: Баклер
1484	items_Equipments_Weapons_Buckler_T2_01	Рецепт: Баклер солдата
1486	items_Equipments_Weapons_Buckler_T4_01	Рецепт: Баклер аристократа
1488	items_Equipments_Weapons_HeaterShield_T1_01	Рецепт: Треугольный щит
1489	items_Equipments_Weapons_HeaterShield_T2_01	Рецепт: Треугольный щит стражи
1491	items_Equipments_Weapons_HeaterShield_T3_01	Рецепт: Треугольный щит капитана стражи
1493	items_Equipments_Weapons_Hoplon_T2_01	Рецепт: Гоплон
1494	items_Equipments_Weapons_Hoplon_T3_01	Рецепт: Гоплон элитного воина
1496	items_Equipments_Weapons_Hoplon_T4_01	Рецепт: Гоплон короля
1498	items_Equipments_Weapons_IronHeaterShield_T2_01	Рецепт: Железный щит
1499	items_Equipments_Weapons_IronHeaterShield_T3_01	Рецепт: Железный щит капитана гвардии
1501	items_Equipments_Weapons_IronHeaterShield_T4_01	Рецепт: Железный щит лорда
1503	items_Equipments_Weapons_KiteShield_T1_01	Рецепт: Каплевидный щит
1504	items_Equipments_Weapons_KiteShield_T2_01	Рецепт: Каплевидный щит солдата
1506	items_Equipments_Weapons_KiteShield_T3_01	Рецепт: Каплевидный щит рыцаря
1508	items_Equipments_Weapons_KnightShield_T2_01	Рецепт: Рыцарский щит
1509	items_Equipments_Weapons_KnightShield_T3_01	Рецепт: Рыцарский щит капитана гвардии
1511	items_Equipments_Weapons_KnightShield_T4_01	Рецепт: Рыцарский щит лорда
1513	items_Equipments_Weapons_KiteShield_T2_01	Рецепт: Каплевидный щит солдата
1514	items_Equipments_Weapons_KiteShield_T3_01	Рецепт: Каплевидный щит рыцаря
1516	items_Equipments_Weapons_LongovalShield_T4_01	Рецепт: Эпический каплевидный щит
1518	items_Equipments_Weapons_RoundShield_T1_01	Рецепт: Деревянный круглый щит
1519	items_Equipments_Weapons_RoundShield_T3_01	Рецепт: Круглый щит элитного воина
1521	items_Equipments_Weapons_RoundShield_T4_01	Рецепт: Круглый щит короля
1523	items_Equipments_Weapons_TowerShield_T1_01	Рецепт: Башенный щит
1524	items_Equipments_Weapons_TowerShield_T2_01	Рецепт: Башенный щит солдата
1526	items_Equipments_Weapons_TowerShield_T3_01	Рецепт: Башенный щит рыцаря
1528	items_Equipments_Weapons_TrapezoidalShield_T2_01	Рецепт: Большой щит
1529	items_Equipments_Weapons_TrapezoidalShield_T3_01	Рецепт: Большой щит рыцаря
1531	items_Equipments_Weapons_TrapezoidalShield_T4_01	Рецепт: Большой щит аристократа
1533	items_Equipments_Weapons_BattleStick_T2_01	Рецепт: Боевой шест
1534	items_Equipments_Weapons_BattleStick_T3_01	Рецепт: Боевой шест монаха-воина
1536	items_Equipments_Weapons_BattleStick_T4_01	Рецепт: Боевой шест мастера
1538	items_Equipments_Weapons_Staff_T2_01	Рецепт: Посох дикого мага
1539	items_Equipments_Weapons_Staff_T3_01	Рецепт: Посох чародея
1541	items_Equipments_Weapons_Staff_T4_01	Рецепт: Посох магистра
1543	items_Equipments_Weapons_GreatAxe_T1_01	Рецепт: Большой топор
1544	items_Equipments_Weapons_GreatAxe_T2_01	Рецепт: Большой топор солдата
1546	items_Equipments_Weapons_GreatAxe_T3_01	Рецепт: Большой топор воина
1548	items_Equipments_Weapons_Longaxe_T1_01	Рецепт: Секира соратника
1549	items_Equipments_Weapons_Longaxe_T2_01	Рецепт: Секира палача
1551	items_Equipments_Weapons_Longaxe_T3_01	Рецепт: Секира инквизитора
1553	items_Equipments_Weapons_TwoHandedDoubleAxe_T1_01	Рецепт: Двуручный обоюдоострый топор
1554	items_Equipments_Weapons_TwoHandedDoubleAxe_T2_01	Рецепт: Двуручный обоюдоострый топор наёмника
1556	items_Equipments_Weapons_TwoHandedDoubleAxe_T3_01	Рецепт: Двуручный обоюдоострый топор элитного воина
1558	items_Equipments_Weapons_TwoHandedClub_T1_01	Рецепт: Двуручная булава
1559	items_Equipments_Weapons_TwoHandedClub_T2_01	Рецепт: Усиленная двуручная булава
1561	items_Equipments_Weapons_TwoHandedClub_T3_01	Рецепт: Двуручная булава разбойника
1563	items_Equipments_Weapons_TwoHandedFlail_T1_01	Рецепт: Двуручный цеп
1564	items_Equipments_Weapons_TwoHandedFlail_T2_01	Рецепт: Двуручный цеп стражи
1566	items_Equipments_Weapons_TwoHandedFlail_T3_01	Рецепт: Двуручный цеп гвардии
1568	items_Equipments_Weapons_TwoHandedMace_T1_01	Рецепт: Моргенштерн
1569	items_Equipments_Weapons_TwoHandedMace_T2_01	Рецепт: Моргенштерн солдата
1571	items_Equipments_Weapons_TwoHandedMace_T3_01	Рецепт: Моргенштерн элитного воина
1573	items_Equipments_Weapons_TwoHandedWarHammer_T1_01	Рецепт: Боевой молот-клевец
1574	items_Equipments_Weapons_TwoHandedWarHammer_T2_01	Рецепт: Боевой молот-клевец стражи
1576	items_Equipments_Weapons_TwoHandedWarHammer_T3_01	Рецепт: Боевой молот-клевец гвардии
1578	items_Equipments_Weapons_Estoc_T1_01	Рецепт: Эсток
1579	items_Equipments_Weapons_Falchion_T1_01	Рецепт: Широкий меч
1580	items_Equipments_Weapons_Falchion_T3_01	Рецепт: Широкий меч бандита
1582	items_Equipments_Weapons_Falchion_T4_01	Рецепт: Широкий меч вождя
1589	items_Equipments_Weapons_Cutlass_T1_01	Абордажная сабля
1590	items_Equipments_Weapons_Cutlass_T3_01	Абордажная сабля пирата
1591	items_Equipments_Weapons_Cutlass_T4_01	Абордажная сабля чужеземца
1592	items_Equipments_Weapons_Halberd_T1_01	Длинное копьё
1593	items_Equipments_Weapons_Halberd_T3_01	Длинное копьё воина
1594	items_Equipments_Weapons_Halberd_T4_01	Длинное копьё королевской гвардии
1595	items_Equipments_Weapons_Poleaxe_T1_01	Длинный топор
1596	items_Equipments_Weapons_Poleaxe_T2_01	Длинный топор солдата
1597	items_Equipments_Weapons_Poleaxe_T4_01	Длинный топор генерала
1601	items_Equipments_Weapons_CrossbowQuiverBlunt_T1_01	Колчан тупых болтов
1602	items_Equipments_Weapons_CrossbowQuiverBlunt_T2_01	Колчан тупых болтов разведчика
1603	items_Equipments_Weapons_CrossbowQuiverBlunt_T3_01	Колчан тупых болтов охотника
1604	items_Equipments_Weapons_Buckler_T1_01	Баклер
1605	items_Equipments_Weapons_Buckler_T3_01	Баклер рыцаря
1606	items_Materials_Gems_Amethyst	Аметист
1607	items_Materials_Herbs_SunbrightWort	Солнцецвет
1608	items_Materials_Herbs_Snakeweed	Змеиная трава
1609	items_Materials_Gems_Diamond	Бриллиант
1610	items_Materials_Gems_Emerald	Изумруд
1611	items_Materials_Herbs_Marigold	Календула
1612	items_Materials_Gems_Ruby	Рубин
1613	items_Materials_Gems_Sapphire	Сапфир
1614	items_Materials_Herbs_DogRose	Шиповник
1615	items_Materials_Herbs_Knapweed	Василёк
1616	items_Materials_Gems_Topaz	Топаз
1617	items_Materials_Herbs_Lavender	Лаванда
1618	items_QuestItem_OphidianMountain_ClarenceToySword	Игрушечный меч Кларенса
1619	items_QuestItem_OphidianMountain_HistoryofStanton	История Стэнтона
1620	items_QuestItem_OphidianMountain_OldIronKey	Старый железный ключ
1621	items_QuestItem_OphidianMountain_SpencersLongBow	Длинный лук Спенсера
1622	items_QuestItem_Forest_Aimer'sNecklace	Ожерелье Эмиля
1623	items_QuestItem_Forest_Antidote	Противоядие
1624	items_QuestItem_Forest_MantrasScroll	Свиток мандалы
1625	items_QuestItem_Forest_OldDiary	Старый дневник
1626	items_QuestItem_Forest_SoulCrystal	Кристалл души
1637	items_QuestItem_Stirrup_MagnoliaJadeite	Жадеит магнолии
1639	items_QuestItem_Stirrup_OrisJournal	Журнал Орис
1643	items_QuestItem_TestStirrup_Chapman's_Diary	Дневник Чепмена
1644	items_QuestItem_TestStirrup_Letter_from_Theresa	Письмо от Терезы
1645	items_QuestItem_TestStirrup_NoblewomanToken	Жетон благородной дамы
1646	items_Equipments_Weapons_Bardiche_T1_01	Бердыш
1647	items_Equipments_Weapons_Glaive_T1_01	Глефа
1648	items_Equipments_Weapons_Glaive_T3_01	Глефа элитного воина
1649	items_Equipments_Weapons_Glaive_T4_01	Глефа вождя
1650	items_Equipments_Wearing_KEYNPC_Andrew_Knight_Outfit	Безупречный рыцарский наряд Эндрю
1651	items_Equipments_Wearing_KEYNPC_Andrew_Ranger_Outfit	Безупречный наряд рейнджера Эндрю
1662	items_Equipments_Wearing_KEYNPC_Alia_Gladiator_Outfit	Усиленный гладиаторский костюм Алии
687	items_Equipments_Weapons_KnightSword_T3_01	Меч рыцаря
688	items_QuestItem_The Big Market_Jenning's Key	Ключ Дженнинга
202	items_QuestItem_PirateIsland_PoisonPotion	Зелье яда
879	items_Equipments_Armors_Gladiator_Junior_Medium_Boots_T2	Рецепт: Укреплённые средние сапоги гладиатора
12	items_Equipments_Armors_Mercenary_Lower_T1	Укреплённые поножи бандита-наёмника
18	items_Equipments_Wearing_KEYNPC_Fiorella_FullOutfit	Усиленный наряд Фиореллы
1664	items_QuestItem_AbandoneFarm_TheDirtyPuck	Грязная шайба
19	items_QuestItem_PirateIsland_IOUOfDana	Долговая расписка Даны
20	items_QuestItem_PirateIsland_IOUOfGarry	Долговая расписка Гарри
21	items_QuestItem_PirateIsland_IOUOfRaymond	Долговая расписка Раймонда
22	items_QuestItem_PirateIsland_IOUOfRosePort	Долговая расписка порта Роуз
232	items_QuestItem_PirateIsland_KeyOfJail	Ключ от тюрьмы
204	items_QuestItem_PirateIsland_TheodoresCoin	Монета Теодора
1334	items_Readable_AbandoneFarm_AdamsDiary	Дневник Адамса
1663	items_Readable_AbandoneFarm_MarkedMap	Размеченная карта
1665	items_Readable_AbandoneFarm_UnsentLetter	Неотправленное письмо
24	items_Equipments_Armors_Civilian_Dancer_Outfit_1	Наряд танцовщицы
25	items_Equipments_Armors_Civilian_Medieval_Lower_1	Штаны гражданина
35	items_Equipments_Armors_Civilian_Medieval_Lower_1	Штаны гражданина
39	items_Equipments_Armors_Civilian_Medieval_Lower_1	Штаны гражданина
40	items_Equipments_Armors_Civilian_Medieval_Upper_1	Рубаха гражданина
44	items_Equipments_Armors_Civilian_Medieval_Upper_1	Рубаха гражданина
46	items_Equipments_Armors_Civilian_Medieval_Upper_1	Рубаха гражданина
47	items_Equipments_Armors_Civilian_Medieval_Upper_10	Рубаха благородного жителя
48	items_Equipments_Armors_Civilian_Medieval_Upper_10	Рубаха благородного гражданина
49	items_Equipments_Armors_Greenleaves_Rascal_Armor	Укреплённый кожаный доспех мошенника «Зелёных листьев»
50	items_Equipments_Armors_Greenleaves_Rascal_Boots	Укреплённые кожаные сапоги мошенника «Зелёных листьев»
51	items_Equipments_Armors_Greenleaves_Thief_Armor	Усиленный кожаный доспех вора «Зелёных листьев»
52	items_Equipments_Armors_Greenleaves_Thief_Boots	Усиленные кожаные сапоги вора «Зелёных листьев»
53	items_Equipments_Armors_Greenleaves_Thief_Hat	Усиленный капюшон вора «Зелёных листьев»
54	items_Equipments_Armors_Mage_BattleMage_T2_Robe	Укреплённая боевая роба мага
55	items_Equipments_Armors_Mage_BattleMage_T2_Shoes	Укреплённые кожаные сапоги боевого мага
56	items_Equipments_Armors_Mage_BattleMage_T3_Robe	Усиленная боевая роба мага
57	items_Equipments_Armors_Mage_BattleMage_T3_Shoes	Усиленные кожаные сапоги боевого мага
58	items_Equipments_Armors_Mage_BattleMage_T4_Robe	Безупречная боевая роба мага
59	items_Equipments_Armors_Mage_BattleMage_T4_Shoes	Безупречные кожаные сапоги боевого мага
60	items_Equipments_Armors_Mage_Devout_T3_Robe	Усиленная роба благочестивого мага
61	items_Equipments_Armors_Mage_Devout_T3_Shoes	Усиленная обувь благочестивого мага
62	items_Equipments_Armors_Mage_Devout_T4_Robe	Безупречная роба благочестивого мага
63	items_Equipments_Armors_Mage_Devout_T4_Shoes	Безупречная обувь благочестивого мага
64	items_Equipments_Armors_Mage_Herbalist_T2_Robe	Мастерская роба мага-травника
65	items_Equipments_Armors_Mage_Herbalist_T2_Shoes	Мастерская обувь мага-травника
66	items_Equipments_Armors_Mage_Herbalist_T3_Robe	Усиленная роба мага-травника
67	items_Equipments_Armors_Mage_Herbalist_T3_Shoes	Усиленная обувь мага-травника
83	items_Equipments_Armors_Mage_Herbalist_T4_Robe	Безупречная роба мага-травника
84	items_Equipments_Armors_Mage_Herbalist_T4_Shoes	Безупречная обувь мага-травника
85	items_Equipments_Armors_Mage_Librarian_T2_Robe	Мастерская роба мага-библиотекаря
86	items_Equipments_Armors_Mage_Librarian_T2_Shoes	Мастерская обувь мага-библиотекаря
90	items_Equipments_Armors_Mage_Librarian_T3_Robe	Усиленная роба мага-библиотекаря
93	items_Equipments_Armors_Mage_Librarian_T3_Shoes	Усиленная обувь мага-библиотекаря
94	items_Equipments_Armors_Mage_Librarian_T4_Robe	Безупречная роба мага-библиотекаря
100	items_Equipments_Armors_Mage_Librarian_T4_Shoes	Безупречная обувь мага-библиотекаря
101	items_Equipments_Armors_Mage_Wild_T3_Robe	Усиленная мантия дикого мага
102	items_Equipments_Armors_Mage_Wild_T3_Shoes	Усиленные штаны дикого мага
103	items_Equipments_Armors_Mage_Wild_T4_Robe	Безупречная мантия дикого мага
104	items_Equipments_Armors_Mage_Wild_T4_Shoes	Безупречные штаны дикого мага
105	items_Equipments_Armors_Pirate_Captain_Head	Безупречная шляпа капитана пиратов
106	items_Equipments_Armors_Pirate_Captain_Lower	Безупречные штаны капитана пиратов
107	items_Equipments_Armors_Pirate_Captain_Upper	Безупречный камзол капитана пиратов
108	items_Equipments_Armors_Pirate_Mate_Head	Усиленный капюшон помощника пирата
109	items_Equipments_Armors_Pirate_Mate_Lower	Усиленные штаны помощника пирата
110	items_Equipments_Armors_Pirate_Mate_Upper	Усиленный камзол помощника пирата
111	items_Equipments_Armors_Pirate_Sailor_Head_T1	Головной убор пирата
112	items_Equipments_Armors_Pirate_Sailor_Lower_T1	Штаны пирата
113	items_Equipments_Armors_Pirate_Sailor_Lower_T2	Мастерские штаны пирата
233	items_Equipments_Armors_Pirate_Sailor_Upper_T1	Куртка пирата
234	items_Equipments_Armors_Pirate_Sailor_Upper_T2	Мастерская куртка пирата
235	items_QuestItem_GreenLeaves_BadgeOfTheGreenLeaves	Знак зелёных листьев
240	items_QuestItem_GreenLeaves_LetterOfBlackMarketMerchant	Письмо торговца с чёрного рынка
243	items_QuestItem_GreenLeaves_MorningstarEarring	Серьга «Морнингстар»
257	items_QuestItem_GreenLeaves_TwilightEarring	Сумеречная серьга
261	items_QuestItem_Stirrup_GreeneyeBasementKey	Ключ от подвала Зеленоглазого
1	items_Equipments_Weapons_Club_Orc_T1_01	Дубина орка
279	items_Equipments_Weapons_Club_Orc_T1_01	Дубина орка
281	items_Equipments_Weapons_Katar_Dwarf_T3_01	Кулачный меч гнома
282	items_Equipments_Weapons_HeavySpear_Orc_T1_01	Тяжёлое копьё орка
283	items_Equipments_Weapons_Dagger_Orc_T1_01	Кинжал орка
284	items_Equipments_Weapons_Dagger_Orc_T2_01	Усиленный кинжал орка
285	items_Equipments_Weapons_TwoHandedSpear_Dwarf_T3_01	Двуручное копьё гнома
286	items_Equipments_Weapons_TwoHandedSpear_Orc_T1_01	Двуручное копьё орка
292	items_Equipments_Weapons_TwoHandedSpear_Orc_T2_01	Усиленное двуручное копьё орка
293	items_Equipments_Weapons_Buckler_Dwarf_T3_01	Шестиугольный щит гнома
294	items_Equipments_Weapons_Hoplon_Dwarf_T3_01	Гоплон гномов
295	items_Equipments_Weapons_RoundShield_Orc_T1_01	Круглый щит орка
296	items_Equipments_Weapons_LongironShield_Orc_T1_01	Каплевидный щит орка
297	items_Equipments_Weapons_LongironShield_Orc_T1_01	Каплевидный щит орка
299	items_Equipments_Weapons_TowerShield_Dwarf_T3_01	Башенный щит гнома
300	items_Equipments_Weapons_Staff_Dwarf_T3_01	Посох гнома
301	items_Equipments_Weapons_LongAxe_Orc_T2_01	Секира орка
302	items_Consumables_Foods_CookedFoods_Applepie	Яблочный пирог
303	items_Consumables_Foods_CookedFoods_BlackstoneSteak	Стейк «Блэкстоун»
304	items_Consumables_Foods_CookedFoods_Couscous	Кускус
305	items_Consumables_Foods_CookedFoods_Fairysoil	Земля фей
306	items_Consumables_Foods_CookedFoods_ForestFish	Лесная рыба
309	items_Consumables_Foods_CookedFoods_Hilldinner	Ужин на холме
311	items_Consumables_Foods_CookedFoods_Roastedpotatoes	Жареный картофель
312	items_Consumables_Foods_CookedFoods_RollingCourage	Жидкая смелость
313	items_Consumables_Foods_CookedFoods_Sunpudding	Солнечный пудинг
314	items_Consumables_Foods_CookedFoods_WestwoodSalad	Салат «Вествуд»
316	items_Consumables_Foods_FoodIngredients_Artichoke	Артишок
317	items_Consumables_Foods_FoodIngredients_Avocado	Авокадо
318	items_Consumables_Foods_FoodIngredients_Banana	Банан
319	items_Consumables_Foods_FoodIngredients_Beanpod	Стручок фасоли
320	items_Consumables_Foods_FoodIngredients_Biscuit	Бисквит
321	items_Consumables_Foods_FoodIngredients_BoiledEgg	Варёное яйцо
328	items_Consumables_Foods_FoodIngredients_BrusselsSprouts	Брюссельская капуста
338	items_Consumables_Foods_FoodIngredients_Bushmeat	Мясо на вертеле
340	items_Consumables_Foods_FoodIngredients_Cabbage	Капуста
343	items_Consumables_Foods_FoodIngredients_Cauliflower	Цветная капуста
347	items_Consumables_Foods_FoodIngredients_Chilli	Перец чили
348	items_Consumables_Foods_FoodIngredients_Clementine	Клементина
351	items_Consumables_Foods_FoodIngredients_Cucumber	Огурец
352	items_Consumables_Foods_FoodIngredients_Driedchilies	Сушёный перец чили
357	items_Consumables_Foods_FoodIngredients_Duckbreast	Утиная грудка
360	items_Consumables_Foods_FoodIngredients_Garlic	Чеснок
363	items_Consumables_Foods_FoodIngredients_Ginger	Имбирь
365	items_Consumables_Foods_FoodIngredients_Gourd	Горлянка
366	items_Consumables_Foods_FoodIngredients_Greatscallop	Морской гребешок
367	items_Consumables_Foods_FoodIngredients_Ham	Ветчина
370	items_Consumables_Foods_FoodIngredients_Kiwi	Киви
371	items_Consumables_Foods_FoodIngredients_Leek	Лук-порей
387	items_Consumables_Foods_FoodIngredients_Lemon	Лимон
388	items_Consumables_Foods_FoodIngredients_Lobster	Омар
390	items_Consumables_Foods_FoodIngredients_Mango	Манго
391	items_Consumables_Foods_FoodIngredients_Melon	Дыня
394	items_Consumables_Foods_FoodIngredients_MilkBottle	Бутылка молока
409	items_Consumables_Foods_FoodIngredients_Mussel	Мидии
435	items_Consumables_Foods_FoodIngredients_Onion	Лук
436	items_Consumables_Foods_FoodIngredients_Orange	Апельсин
437	items_Consumables_Foods_FoodIngredients_Papaya	Папайя
440	items_Consumables_Foods_FoodIngredients_Peach	Персик
474	items_Consumables_Foods_FoodIngredients_Pear	Груша
545	items_Consumables_Foods_FoodIngredients_Pineapple	Ананас
552	items_Consumables_Foods_FoodIngredients_Pumpkin	Тыква
554	items_Consumables_Foods_FoodIngredients_Radish	Редис
559	items_Consumables_Foods_FoodIngredients_Roastpiglet	Жареный поросёнок
560	items_Consumables_Foods_FoodIngredients_Rollcake	Рулет
625	items_Consumables_Foods_FoodIngredients_Seacake	Морской пирог
631	items_Consumables_Foods_FoodIngredients_Shrimp	Креветка
636	items_Consumables_Foods_FoodIngredients_Sugar	Сахар
639	items_Consumables_Foods_RoastTurkey	Жареная индейка
698	items_Consumables_Foods_FoodIngredients_Turnip	Репа
699	items_Consumables_Foods_FoodIngredients_Water	Вода
702	items_Consumables_Foods_FoodIngredients_Watermelon	Арбуз
706	items_Consumables_Foods_FoodIngredients_Wholechickenraw	Сырая курица целиком
713	items_Consumables_Foods_FoodIngredients_Zucchini	Цуккини
715	items_Consumables_Foods_CookedFoods_Applepie	Рецепт: Яблочный пирог
717	items_Consumables_Foods_CookedFoods_BlackstoneSteak	Рецепт: Стейк «Блэкстоун»
721	items_Consumables_Foods_CookedFoods_Couscous	Рецепт: Кускус
722	items_Consumables_Foods_CookedFoods_ForestFish	Рецепт: Лесная рыба
725	items_Consumables_Foods_CookedFoods_Hilldinner	Рецепт: Ужин на холме
726	items_Consumables_Foods_CookedFoods_Roastedpotatoes	Рецепт: Жареный картофель
733	items_Consumables_Foods_CookedFoods_RollingCourage	Рецепт: Жидкая смелость
734	items_Consumables_Foods_CookedFoods_Sunpudding	Рецепт: Солнечный пудинг
737	items_Consumables_Foods_CookedFoods_WestwoodSalad	Рецепт: Салат «Вествуд»
738	items_Equipments_Weapons_Shortbow_Orc_T2_01	Короткий лук орка
741	items_QuestItem_Forest_ElfRuinsKey1	Ключ от эльфийских руин
690	items_Equipments_Weapons_BastardSword_T1_01	Полуторный меч
594	items_Equipments_Weapons_BastardSword_T2_01	Полуторный меч солдата
212	items_Equipments_Weapons_BastardSword_T3_01	Полуторный меч рыцаря
216	items_Equipments_Weapons_BastardSword_T4_01	Полуторный меч аристократа
692	items_Equipments_Weapons_BastardSword_T5_01	Луч света
742	items_Equipments_Weapons_Cutlass_T5_01	Абордажник
819	items_Equipments_Weapons_Dagger_T2_01	Кинжал разбойника
820	items_Equipments_Weapons_Dagger_T3_01	Кинжал ассасина
821	items_Equipments_Weapons_ShortSword_T4_01	Клинок тайного приказа
822	items_Equipments_Weapons_Bardiche_T4_01	Бердыш вождя
823	items_Equipments_Weapons_Halberd_T2_01	Длинное копьё солдата
824	items_Equipments_Weapons_Halberd_T2_01	Длинное копьё солдата
825	items_Equipments_Weapons_Halberd_T5_01	Копьё принца Тенера
826	items_Equipments_Weapons_Poleaxe_T3_01	Длинный топор воина
827	items_Equipments_Weapons_Shortbow_Goblin_T1	Короткий лук гоблина
828	items_Equipments_Weapons_Shortbow_T4_02	Аметистовый лук
829	items_Equipments_Weapons_TwoHandedClub_T5_02	Бедствие
833	items_Equipments_Armors_WhiteSteedOrder_Heavy_Helmet	Безупречный тяжёлый шлем «Белого Коня»
834	items_Equipments_Armors_WhiteSteedOrder_Heavy_Lower	Безупречные тяжёлые поножи «Белого Коня»
838	items_Equipments_Armors_WhiteSteedOrder_Heavy_Upper	Безупречный тяжёлый нагрудник «Белого Коня»
839	items_Equipments_Armors_WhiteSteedOrder_Light_Helmet	Безупречный лёгкий шлем ««Белого Коня»»
843	items_Equipments_Armors_WhiteSteedOrder_Light_Lower	Безупречные лёгкие поножи «Белого Коня»
844	items_Equipments_Armors_WhiteSteedOrder_Light_Upper	Безупречный лёгкий нагрудник «Белого Коня»
848	items_Equipments_Armors_WhiteSteedOrder_Medium_Helmet	Безупречный средний шлем «Белого Коня»
849	items_Equipments_Armors_WhiteSteedOrder_Medium_Lower	Безупречные средние поножи «Белого Коня»
850	items_Equipments_Armors_WhiteSteedOrder_Medium_Upper	Безупречный средний нагрудник «Белого Коня»
856	items_QuestItem_PirateIsland_CaptainsCabinKey	Ключ от капитанской каюты
327	items_Consumables_Foods_FoodIngredients_Broccoli	Брокколи
859	items_Consumables_Foods_CookedFoods_RoastFullChicken	Рецепт: Жареная целая курица
863	items_Equipments_Armors_Bruteman_Warrior_ChestArmor_v2	Усиленный полулатный нагрудник воина серых орков
866	items_Equipments_Armors_Bruteman_Warrior_Helmet_v2	Усиленный шлем воина серых орков
867	items_Equipments_Armors_Bruteman_Warrior_LegArmor_v2	Усиленные полулатные сапоги воина серых орков
870	items_Equipments_Armors_Dwarf_Merchant_Chest	Усиленный нагрудник гнома-торговца
873	items_Equipments_Armors_Dwarf_Merchant_Helmet	Усиленный капюшон гнома-торговца
874	items_Equipments_Armors_Dwarf_Merchant_Leg	Усиленные поножи гнома-торговца
877	items_Equipments_Armors_Dwarf_Sentry_Chest	Безупречный кольчужный нагрудник гнома-стража
878	items_Equipments_Armors_Dwarf_Sentry_Helmet	Безупречный шлем гнома-стража
881	items_Equipments_Armors_Dwarf_Sentry_Leg	Безупречные латные набедренники гнома-стража
882	items_Equipments_Armors_Dwarf_Warrior_Chest	Усиленный наборный нагрудник гнома-воина
885	items_Equipments_Armors_Dwarf_Warrior_Helmet	Усиленный шлем гнома-воина
886	items_Equipments_Armors_Dwarf_Warrior_Leg	Усиленные наборные поножи гнома-воина
889	items_Equipments_Armors_Joker_Lower	Усиленные штаны Джокера
890	items_Equipments_Armors_Joker_Upper	Усиленная рубаха Джокера
893	items_Equipments_Armors_Elf_Knight_Boots	Безупречные латные сапоги эльфийского рыцаря
894	items_Equipments_Armors_Elf_Knight_Chest	Безупречный латный нагрудник эльфийского рыцаря
901	items_Equipments_Armors_Elf_Knight_Helmet	Безупречный шлем эльфийского рыцаря
905	items_Equipments_Armors_HalfPlate_Helmet_T2	Укреплённый полулатный шлем
1036	items_Equipments_Armors_HalfPlate_Helmet_T3	Усиленный полулатный шлем
1037	items_Equipments_Armors_HalfPlate_Helmet_T4	Безупречный полулатный шлем
1040	items_Equipments_Armors_HalfPlate_Lower_T2	Укреплённые полулатные поножи
1041	items_Equipments_Armors_HalfPlate_Lower_T3	Усиленные полулатные поножи
1044	items_Equipments_Armors_HalfPlate_Lower_T4	Безупречные полулатные поножи
1045	items_Equipments_Armors_HalfPlate_Upper_T2	Укреплённый полулатный нагрудник
1046	items_Equipments_Armors_HalfPlate_Upper_T3	Усиленный полулатный нагрудник
1052	items_Equipments_Armors_HalfPlate_Upper_T4	Безупречный полулатный нагрудник
1053	items_Equipments_Armors_HardLeatherArmor_Helmet_T2	Укреплённый кожаный шлем
1085	items_Equipments_Armors_HardLeatherArmor_Helmet_T3	Усиленный кожаный шлем
1086	items_Equipments_Armors_HardLeatherArmor_Helmet_T4	Безупречный кожаный шлем
1089	items_Equipments_Armors_HardLeatherArmor_Lower_T2	Укреплённые кожаные поножи
1090	items_Equipments_Armors_HardLeatherArmor_Lower_T3	Усиленные кожаные поножи
1092	items_Equipments_Armors_HardLeatherArmor_Lower_T4	Безупречные кожаные поножи
1098	items_Equipments_Armors_HardLeatherArmor_Upper_T2	Укреплённый кожаный нагрудник
1099	items_Equipments_Armors_HardLeatherArmor_Upper_T3	Усиленный кожаный нагрудник
1100	items_Equipments_Armors_HardLeatherArmor_Upper_T4	Безупречный кожаный нагрудник
1101	items_Equipments_Armors_LightLeatherArmor_Helmet_T2	Укреплённый лёгкий кожаный шлем
1102	items_Equipments_Armors_LightLeatherArmor_Helmet_T3	Усиленный лёгкий кожаный шлем
1103	items_Equipments_Armors_LightLeatherArmor_Helmet_T4	Безупречный лёгкий кожаный шлем
1104	items_Equipments_Armors_LightLeatherArmor_Lower_T2	Укреплённые лёгкие кожаные поножи
1107	items_Equipments_Armors_LightLeatherArmor_Lower_T3	Усиленные лёгкие кожаные поножи
1114	items_Equipments_Armors_LightLeatherArmor_Lower_T4	Безупречные лёгкие кожаные поножи
1115	items_Equipments_Armors_LightLeatherArmor_Upper_T2	Укреплённый лёгкий кожаный нагрудник
1116	items_Equipments_Armors_LightLeatherArmor_Upper_T3	Усиленный лёгкий кожаный нагрудник
1129	items_Equipments_Armors_LightLeatherArmor_Upper_T4	Безупречный лёгкий кожаный нагрудник
1130	items_Equipments_Armors_PadingArmor_Helmet_T2	Укреплённый стеганый шлем
1131	items_Equipments_Armors_PadingArmor_Helmet_T3	Усиленный стеганый шлем
1158	items_Equipments_Armors_PadingArmor_Helmet_T4	Безупречный стеганый шлем
1159	items_Equipments_Armors_PadingArmor_Lower_T2	Укреплённые стеганые штаны
1160	items_Equipments_Armors_PadingArmor_Lower_T3	Усиленные стеганые штаны
1161	items_Equipments_Armors_PadingArmor_Lower_T4	Безупречные стеганые штаны
1162	items_Equipments_Armors_PadingArmor_Upper_T2	Укреплённый стеганый нагрудник
1165	items_Equipments_Armors_PadingArmor_Upper_T3	Усиленный стеганый нагрудник
1166	items_Equipments_Armors_PadingArmor_Upper_T4	Безупречный стеганый нагрудник
1169	items_Equipments_Armors_SplintArmor_Helmet_T2	Укреплённый наборный шлем
1170	items_Equipments_Armors_SplintArmor_Helmet_T3	Усиленный наборный шлем
1171	items_Equipments_Armors_SplintArmor_Helmet_T4	Безупречный наборный шлем
1172	items_Equipments_Armors_SplintArmor_Lower_T2	Укреплённые наборные поножи
1173	items_Equipments_Armors_SplintArmor_Lower_T3	Усиленные наборные поножи
1208	items_Equipments_Armors_SplintArmor_Lower_T4	Безупречные наборные поножи
1213	items_Equipments_Armors_SplintArmor_Upper_T2	Укреплённый наборный нагрудник
1217	items_Equipments_Armors_SplintArmor_Upper_T3	Усиленный наборный нагрудник
1276	items_Equipments_Armors_SplintArmor_Upper_T4	Безупречный наборный нагрудник
1277	items_QuestItem_PirateIsland_WarehouseKey	Ключ от склада
1278	items_Equipments_Armors_Elf_Common_2_Lower	Эльфийская обувь
1279	items_Equipments_Armors_Elf_Common_2_Upper	Эльфийское одеяние
1280	items_Equipments_Armors_Elf_Noble_Head	Мастерская шапка эльфийского дворянина
1281	items_Equipments_Armors_Elf_Noble_Lower	Мастерские брюки эльфийского дворянина
1627	items_Equipments_Armors_Elf_Noble_Upper	Мастерская туника эльфийского дворянина
1628	items_QuestItem_The Big Market_BadgeofChamber	Знак палаты
1629	items_QuestItem_The Big Market_SaltedFish_YummySaltedFish	Вкусная солёная рыба
1630	items_Equipments_Armors_BrigandineArmor_Helmet_T2	Укреплённый бригантинный шлем
1631	items_Equipments_Armors_BrigandineArmor_Helmet_T3	Усиленный бригантинный шлем
1632	items_Equipments_Armors_BrigandineArmor_Helmet_T4	Безупречный бригантинный шлем
1633	items_Equipments_Armors_BrigandineArmor_Lower_T2	Укреплённые бригантинные поножи
1634	items_Equipments_Armors_BrigandineArmor_Lower_T3	Усиленные бригантинные поножи
1635	items_Equipments_Armors_BrigandineArmor_Lower_T4	Безупречные бригантинные поножи
1636	items_Equipments_Armors_BrigandineArmor_Upper_T2	Укреплённый бригантинный нагрудник
1638	items_Equipments_Armors_BrigandineArmor_Upper_T3	Усиленный бригантинный нагрудник
1640	items_Equipments_Armors_BrigandineArmor_Upper_T4	Безупречный бригантинный нагрудник
1641	items_Equipments_Armors_ChainArmor_Helmet_T2	Укреплённый кольчужный шлем
1642	items_Equipments_Armors_ChainArmor_Helmet_T3	Усиленный кольчужный шлем
1666	items_Equipments_Armors_ChainArmor_Helmet_T4	Безупречный кольчужный шлем
1667	items_Equipments_Armors_ChainArmor_Lower_T2	Укреплённые кольчужные поножи
1668	items_Equipments_Armors_ChainArmor_Lower_T3	Усиленные кольчужные поножи
1669	items_Equipments_Armors_ChainArmor_Lower_T4	Безупречные кольчужные поножи
1670	items_Equipments_Armors_ChainArmor_Upper_T2	Укреплённый кольчужный нагрудник
1671	items_Equipments_Armors_ChainArmor_Upper_T3	Усиленный кольчужный нагрудник
1672	items_Equipments_Armors_ChainArmor_Upper_T4	Безупречный кольчужный нагрудник
1673	items_Equipments_Armors_PlateArmor_Helmet_T2	Укреплённый пластинчатый шлем
1674	items_Equipments_Armors_PlateArmor_Helmet_T3	Усиленный пластинчатый шлем
1675	items_Equipments_Armors_PlateArmor_Helmet_T4	Безупречный пластинчатый шлем
1676	items_Equipments_Armors_PlateArmor_Lower_T2	Укреплённые пластинчатые поножи
1677	items_Equipments_Armors_PlateArmor_Lower_T3	Усиленные пластинчатые поножи
1678	items_Equipments_Armors_PlateArmor_Lower_T4	Безупречные пластинчатые поножи
1679	items_Equipments_Armors_PlateArmor_Upper_T2	Укреплённая пластинчатая кираса
1680	items_Equipments_Armors_PlateArmor_Upper_T3	Усиленная пластинчатая кираса
1681	items_Equipments_Armors_PlateArmor_Upper_T4	Безупречная пластинчатая кираса
1682	items_Equipments_Armors_ScaleMail_Helmet_T2	Укреплённый чешуйчатый шлем
1683	items_Equipments_Armors_ScaleMail_Helmet_T3	Усиленный чешуйчатый шлем
1684	items_Equipments_Armors_ScaleMail_Helmet_T4	Безупречный чешуйчатый шлем
1685	items_Equipments_Armors_ScaleMail_Lower_T2	Укреплённые чешуйчатые поножи
1686	items_Equipments_Armors_ScaleMail_Lower_T3	Усиленные чешуйчатые поножи
1687	items_Equipments_Armors_ScaleMail_Lower_T4	Безупречные чешуйчатые поножи
1688	items_Equipments_Armors_ScaleMail_Upper_T2	Укреплённый чешуйчатый нагрудник
1689	items_Equipments_Armors_ScaleMail_Upper_T3	Усиленный чешуйчатый нагрудник
1690	items_Equipments_Armors_ScaleMail_Upper_T4	Безупречный чешуйчатый нагрудник
1691	items_Equipments_Weapons_Staff_T5_01_HighPriesst	Посох Мелры
1692	items_Equipments_Armors_AncientElf_Priest_Boots	Безупречная древняя обувь эльфийского жреца
1693	items_Equipments_Armors_AncientElf_Priest_Chest	Безупречная древняя роба эльфийского жреца
1694	items_Equipments_Armors_AncientElf_Priest_Helmet	Безупречный древний капюшон эльфийского жреца
1695	items_Equipments_Wearing_HighPriestMerlara_FullOutfit	Безупречное облачение Мерлары
8794	items_QuestItem_Canyon_MikeKey	Ключ от храмовой клетки
201	items_Consumables_Foods_CookedFoods_Steak	Стейк
267	items_Consumables_Foods_FoodIngredients_Grapes	Виноград
1293	items_Consumables_Potions_Kelsey Hammond's Maramilk	Молоко Мары от Келси Хаммонд
269	items_Consumables_Potions_Maramilk in Camp	Молоко Мары (в лагере)
1292	items_Consumables_Potions_Sacha Wade's Maramilk	Молоко Мары от Саши Уэйд
1294	items_Consumables_Potions_Webster Craig's Maramilk	Молоко Мары от Вебстера Крейга
270	items_Equipments_Armors_Copper amulet amethyst	Рецепт: Медный амулет с аметистом
271	items_Equipments_Armors_Copper amulet diamond	Рецепт: Медный амулет с бриллиантом
274	items_Equipments_Armors_Copper amulet emerald	Рецепт: Медный амулет с изумрудом
275	items_Equipments_Armors_Copper amulet ruby	Рецепт: Медный амулет с рубином
936	items_Equipments_Armors_Copper amulet sapphire	Рецепт: Медный амулет с сапфиром
939	items_Equipments_Armors_Copper amulet topaz	Рецепт: Медный амулет с топазом
942	items_Equipments_Armors_Gold amulet amethyst	Рецепт: Золотой амулет с аметистом
943	items_Equipments_Armors_Gold amulet diamond	Рецепт: Золотой амулет с бриллиантом
944	items_Equipments_Armors_Gold amulet emerald	Рецепт: Золотой амулет с изумрудом
945	items_Equipments_Armors_Gold amulet ruby	Рецепт: Золотой амулет с рубином
949	items_Equipments_Armors_Gold amulet sapphire	Рецепт: Золотой амулет с сапфиром
951	items_Equipments_Armors_Gold amulet topaz	Рецепт: Золотой амулет с топазом
956	items_Equipments_Armors_Silver amulet amethyst	Рецепт: Серебряный амулет с аметистом
958	items_Equipments_Armors_Silver amulet diamond	Рецепт: Серебряный амулет с бриллиантом
960	items_Equipments_Armors_Silver amulet emerald	Рецепт: Серебряный амулет с изумрудом
961	items_Equipments_Armors_Silver amulet ruby	Рецепт: Серебряный амулет с рубином
965	items_Equipments_Armors_Silver amulet sapphire	Рецепт: Серебряный амулет с сапфиром
966	items_Equipments_Armors_Silver amulet topaz	Рецепт: Серебряный амулет с топазом
968	items_Equipments_Armors_Copper amethyst ring	Рецепт: Медное кольцо с аметистом
969	items_Equipments_Armors_Copper diamond ring	Рецепт: Медное кольцо с бриллиантом
970	items_Equipments_Armors_Copper emerald ring	Рецепт: Медное кольцо с изумрудом
971	items_Equipments_Armors_Copper ruby ring	Рецепт: Медное кольцо с рубином
972	items_Equipments_Armors_Copper sapphire ring	Рецепт: Медное кольцо с сапфиром
973	items_Equipments_Armors_Copper topaz ring	Рецепт: Медное кольцо с топазом
974	items_Equipments_Armors_Golden amethyst ring	Рецепт: Золотое кольцо с аметистом
975	items_Equipments_Armors_Golden diamond ring	Рецепт: Золотое кольцо с бриллиантом
976	items_Equipments_Armors_Golden emerald ring	Рецепт: Золотое кольцо с изумрудом
977	items_Equipments_Armors_Golden ruby ring	Рецепт: Золотое кольцо с рубином
978	items_Equipments_Armors_Golden sapphire ring	Рецепт: Золотое кольцо с сапфиром
979	items_Equipments_Armors_Golden topaz ring	Рецепт: Золотое кольцо с топазом
980	items_Equipments_Armors_Silver amethyst ring	Рецепт: Серебряное кольцо с аметистом
981	items_Equipments_Armors_Silver diamond ring	Рецепт: Серебряное кольцо с бриллиантом
982	items_Equipments_Armors_Silver emerald ring	Рецепт: Серебряное кольцо с изумрудом
983	items_Equipments_Armors_Silver ruby ring	Рецепт: Серебряное кольцо с рубином
984	items_Equipments_Armors_Silver sapphire ring	Рецепт: Серебряное кольцо с сапфиром
985	items_Equipments_Armors_Silver topaz ring	Рецепт: Серебряное кольцо с топазом
986	items_Equipments_Armors_BrigandineArmor_Helmet_T2	Рецепт: Укреплённый бригантинный шлем
987	items_Equipments_Armors_BrigandineArmor_Helmet_T3	Рецепт: Усиленный бригантинный шлем
988	items_Equipments_Armors_BrigandineArmor_Helmet_T4	Рецепт: Безупречный бригантинный шлем
989	items_Equipments_Armors_BrigandineArmor_Lower_T2	Рецепт: Укреплённые бригантинные поножи
990	items_Equipments_Armors_BrigandineArmor_Lower_T3	Рецепт: Усиленные бригантинные поножи
991	items_Equipments_Armors_BrigandineArmor_Lower_T4	Рецепт: Безупречные бригантинные поножи
992	items_Equipments_Armors_BrigandineArmor_Upper_T2	Рецепт: Укреплённый бригантинный нагрудник
993	items_Equipments_Armors_BrigandineArmor_Upper_T3	Рецепт: Усиленный бригантинный нагрудник
994	items_Equipments_Armors_BrigandineArmor_Upper_T4	Рецепт: Безупречный бригантинный нагрудник
995	items_Equipments_Armors_ChainArmor_Helmet_T2	Рецепт: Укреплённый кольчужный шлем
996	items_Equipments_Armors_ChainArmor_Helmet_T3	Рецепт: Усиленный кольчужный шлем
997	items_Equipments_Armors_ChainArmor_Helmet_T4	Рецепт: Безупречный кольчужный шлем
998	items_Equipments_Armors_ChainArmor_Lower_T2	Рецепт: Укреплённые кольчужные поножи
1002	items_Equipments_Armors_ChainArmor_Lower_T3	Рецепт: Усиленные кольчужные поножи
1004	items_Equipments_Armors_ChainArmor_Lower_T4	Рецепт: Безупречные кольчужные поножи
1011	items_Equipments_Armors_ChainArmor_Upper_T2	Рецепт: Укреплённый кольчужный нагрудник
1013	items_Equipments_Armors_ChainArmor_Upper_T3	Рецепт: Усиленный кольчужный нагрудник
1014	items_Equipments_Armors_ChainArmor_Upper_T4	Рецепт: Безупречный кольчужный нагрудник
1018	items_Equipments_Armors_HalfPlate_Helmet_T2	Рецепт: Укреплённый полулатный шлем
1020	items_Equipments_Armors_HalfPlate_Helmet_T3	Рецепт: Усиленный полулатный шлем
1022	items_Equipments_Armors_HalfPlate_Helmet_T4	Рецепт: Безупречный полулатный шлем
1024	items_Equipments_Armors_HalfPlate_Lower_T2	Рецепт: Укреплённые полулатные поножи
1027	items_Equipments_Armors_HalfPlate_Lower_T3	Рецепт: Усиленные полулатные поножи
1029	items_Equipments_Armors_HalfPlate_Lower_T4	Рецепт: Безупречные полулатные поножи
1032	items_Equipments_Armors_HalfPlate_Upper_T2	Рецепт: Укреплённый полулатный нагрудник
1033	items_Equipments_Armors_HalfPlate_Upper_T3	Рецепт: Усиленный полулатный нагрудник
1179	items_Equipments_Armors_HalfPlate_Upper_T4	Рецепт: Безупречный полулатный нагрудник
1182	items_Equipments_Armors_HardLeatherArmor_Helmet_T2	Рецепт: Укреплённый кожаный шлем
1186	items_Equipments_Armors_HardLeatherArmor_Helmet_T3	Рецепт: Усиленный кожаный шлем
1190	items_Equipments_Armors_HardLeatherArmor_Helmet_T4	Рецепт: Безупречный кожаный шлем
1196	items_Equipments_Armors_HardLeatherArmor_Lower_T2	Рецепт: Укреплённые кожаные поножи
1224	items_Equipments_Armors_HardLeatherArmor_Lower_T3	Рецепт: Усиленные кожаные поножи
1226	items_Equipments_Armors_HardLeatherArmor_Lower_T4	Рецепт: Безупречные кожаные поножи
1230	items_Equipments_Armors_HardLeatherArmor_Upper_T2	Рецепт: Укреплённый кожаный нагрудник
1238	items_Equipments_Armors_HardLeatherArmor_Upper_T3	Рецепт: Усиленный кожаный нагрудник
1433	items_Equipments_Armors_HardLeatherArmor_Upper_T4	Рецепт: Безупречный кожаный нагрудник
1434	items_Equipments_Armors_LightLeatherArmor_Helmet_T2	Рецепт: Укреплённый лёгкий кожаный шлем
1435	items_Equipments_Armors_LightLeatherArmor_Helmet_T3	Рецепт: Усиленный лёгкий кожаный шлем
1437	items_Equipments_Armors_LightLeatherArmor_Helmet_T4	Рецепт: Безупречный лёгкий кожаный шлем
1440	items_Equipments_Armors_LightLeatherArmor_Lower_T2	Рецепт: Укреплённые лёгкие кожаные поножи
1442	items_Equipments_Armors_LightLeatherArmor_Lower_T3	Рецепт: Усиленные лёгкие кожаные поножи
1445	items_Equipments_Armors_LightLeatherArmor_Lower_T4	Рецепт: Безупречные лёгкие кожаные поножи
1447	items_Equipments_Armors_LightLeatherArmor_Upper_T2	Рецепт: Укреплённый лёгкий кожаный нагрудник
1450	items_Equipments_Armors_LightLeatherArmor_Upper_T3	Рецепт: Усиленный лёгкий кожаный нагрудник
1452	items_Equipments_Armors_LightLeatherArmor_Upper_T4	Рецепт: Безупречный лёгкий кожаный нагрудник
1455	items_Equipments_Armors_PadingArmor_Helmet_T2	Рецепт: Укреплённый стеганый шлем
1457	items_Equipments_Armors_PadingArmor_Helmet_T3	Рецепт: Усиленный стеганый шлем
1460	items_Equipments_Armors_PadingArmor_Helmet_T4	Рецепт: Безупречный стеганый шлем
1462	items_Equipments_Armors_PadingArmor_Lower_T2	Рецепт: Укреплённые стеганые штаны
1465	items_Equipments_Armors_PadingArmor_Lower_T3	Рецепт: Усиленные стеганые штаны
1467	items_Equipments_Armors_PadingArmor_Lower_T4	Рецепт: Безупречные стеганые штаны
1470	items_Equipments_Armors_PadingArmor_Upper_T2	Рецепт: Укреплённый стеганый нагрудник
1472	items_Equipments_Armors_PadingArmor_Upper_T3	Рецепт: Усиленный стеганый нагрудник
1475	items_Equipments_Armors_PadingArmor_Upper_T4	Рецепт: Безупречный стеганый нагрудник
1477	items_Equipments_Armors_PlateArmor_Helmet_T2	Рецепт: Укреплённый пластинчатый шлем
1480	items_Equipments_Armors_PlateArmor_Helmet_T3	Рецепт: Усиленный пластинчатый шлем
1482	items_Equipments_Armors_PlateArmor_Helmet_T4	Рецепт: Безупречный пластинчатый шлем
1485	items_Equipments_Armors_PlateArmor_Lower_T2	Рецепт: Укреплённые пластинчатые поножи
1487	items_Equipments_Armors_PlateArmor_Lower_T3	Рецепт: Усиленные пластинчатые поножи
1490	items_Equipments_Armors_PlateArmor_Lower_T4	Рецепт: Безупречные пластинчатые поножи
1492	items_Equipments_Armors_PlateArmor_Upper_T2	Рецепт: Укреплённая пластинчатая кираса
1495	items_Equipments_Armors_PlateArmor_Upper_T3	Рецепт: Усиленная пластинчатая кираса
1497	items_Equipments_Armors_PlateArmor_Upper_T4	Рецепт: Безупречная пластинчатая кираса
1500	items_Equipments_Armors_PlateArmor_Helmet_T2	Рецепт: Укреплённый пластинчатый шлем
1502	items_Equipments_Armors_ScaleMail_Helmet_T3	Рецепт: Усиленный чешуйчатый шлем
1505	items_Equipments_Armors_ScaleMail_Helmet_T4	Рецепт: Безупречный чешуйчатый шлем
1507	items_Equipments_Armors_ScaleMail_Lower_T2	Рецепт: Укреплённые чешуйчатые поножи
1510	items_Equipments_Armors_ScaleMail_Lower_T3	Рецепт: Усиленные чешуйчатые поножи
1512	items_Equipments_Armors_ScaleMail_Lower_T4	Рецепт: Безупречные чешуйчатые поножи
1515	items_Equipments_Armors_ScaleMail_Upper_T2	Рецепт: Укреплённый чешуйчатый нагрудник
1517	items_Equipments_Armors_ScaleMail_Upper_T3	Рецепт: Усиленный чешуйчатый нагрудник
1520	items_Equipments_Armors_ScaleMail_Upper_T4	Рецепт: Безупречный чешуйчатый нагрудник
1522	items_Equipments_Armors_SplintArmor_Helmet_T2	Рецепт: Укреплённый наборный шлем
1525	items_Equipments_Armors_SplintArmor_Helmet_T3	Рецепт: Усиленный наборный шлем
1527	items_Equipments_Armors_SplintArmor_Helmet_T4	Рецепт: Безупречный наборный шлем
1530	items_Equipments_Armors_SplintArmor_Lower_T2	Рецепт: Укреплённые наборные поножи
1532	items_Equipments_Armors_SplintArmor_Lower_T3	Рецепт: Усиленные наборные поножи
1535	items_Equipments_Armors_SplintArmor_Lower_T4	Рецепт: Безупречные наборные поножи
1537	items_Equipments_Armors_SplintArmor_Upper_T2	Рецепт: Укреплённый наборный нагрудник
1540	items_Equipments_Armors_SplintArmor_Upper_T3	Рецепт: Усиленный наборный нагрудник
1542	items_Equipments_Armors_SplintArmor_Upper_T4	Рецепт: Безупречный наборный нагрудник
1697	items_Equipments_Armors_Mage_BattleMage_T2_Robe	Рецепт: Укреплённая боевая роба мага
1698	items_Equipments_Armors_Mage_BattleMage_T2_Shoes	Рецепт: Укреплённые кожаные сапоги боевого мага
1699	items_Equipments_Armors_Mage_BattleMage_T3_Robe	Рецепт: Усиленная боевая роба мага
1700	items_Equipments_Armors_Mage_BattleMage_T3_Shoes	Рецепт: Усиленные кожаные сапоги боевого мага
1701	items_Equipments_Armors_Mage_BattleMage_T4_Robe	Рецепт: Безупречная боевая роба мага
1702	items_Equipments_Armors_Mage_BattleMage_T4_Shoes	Рецепт: Безупречные кожаные сапоги боевого мага
1703	items_Equipments_Armors_Mage_Devout_T2_Robe	Рецепт: Мастерская роба благочестивого мага
1704	items_Equipments_Armors_Mage_Devout_T2_Shoes	Рецепт: Мастерская обувь благочестивого мага
1705	items_Equipments_Armors_Mage_Devout_T3_Robe	Рецепт: Усиленная роба благочестивого мага
1706	items_Equipments_Armors_Mage_Devout_T3_Shoes	Рецепт: Усиленная обувь благочестивого мага
1707	items_Equipments_Armors_Mage_Devout_T4_Robe	Рецепт: Безупречная роба благочестивого мага
1708	items_Equipments_Armors_Mage_Devout_T4_Shoes	Рецепт: Безупречная обувь благочестивого мага
1709	items_Equipments_Armors_Mage_Herbalist_T2_Robe	Рецепт: Мастерская роба мага-травника
1710	items_Equipments_Armors_Mage_Herbalist_T2_Shoes	Рецепт: Мастерская обувь мага-травника
1711	items_Equipments_Armors_Mage_Devout_T3_Shoes	Рецепт: Усиленная обувь благочестивого мага
1712	items_Equipments_Armors_Mage_Herbalist_T3_Shoes	Рецепт: Усиленная обувь мага-травника
1713	items_Equipments_Armors_Mage_Herbalist_T4_Robe	Рецепт: Безупречная роба мага-травника
1714	items_Equipments_Armors_Mage_Herbalist_T4_Shoes	Рецепт: Безупречная обувь мага-травника
1715	items_Equipments_Armors_Mage_Librarian_T2_Robe	Рецепт: Мастерская роба мага-библиотекаря
1716	items_Equipments_Armors_Mage_Librarian_T2_Shoes	Рецепт: Мастерская обувь мага-библиотекаря
1717	items_Equipments_Armors_Mage_Librarian_T3_Robe	Рецепт: Усиленная роба мага-библиотекаря
1718	items_Equipments_Armors_Mage_Librarian_T3_Shoes	Рецепт: Усиленная обувь мага-библиотекаря
1719	items_Equipments_Armors_Mage_Librarian_T4_Robe	Рецепт: Безупречная роба мага-библиотекаря
1720	items_Equipments_Armors_Mage_Librarian_T4_Shoes	Рецепт: Безупречная обувь мага-библиотекаря
1721	items_Equipments_Armors_Mage_Wild_T2_Robe	Рецепт: Мастерская мантия дикого мага
1722	items_Equipments_Armors_Mage_Wild_T2_Shoes	Рецепт: Мастерские штаны дикого мага
1723	items_Equipments_Armors_Mage_Wild_T3_Robe	Рецепт: Усиленная мантия дикого мага
1724	items_Equipments_Armors_Mage_Wild_T3_Shoes	Рецепт: Усиленные штаны дикого мага
1725	items_Equipments_Armors_Mage_Wild_T4_Robe	Рецепт: Безупречная мантия дикого мага
1726	items_Equipments_Armors_Mage_Wild_T4_Shoes	Рецепт: Безупречные штаны дикого мага
1727	items_Consumables_Foods_CookedFoods_AppleVinegar	Рецепт: Яблочный уксус
1728	items_Consumables_Foods_FoodIngredients_Roastpiglet	Рецепт: Жареный поросёнок
1729	items_Consumables_Foods_FoodIngredients_Rollcake	Рецепт: Рулет
1730	items_Consumables_Foods_FoodIngredients_Seacake	Рецепт: Морской пирог
1731	items_Consumables_Foods_CookedFoods_Steak	Рецепт: Стейк
1732	items_Equipments_Armors_Copper amulet amethyst	Медный амулет с аметистом
1733	items_Equipments_Armors_Copper amulet diamond	Медный амулет с бриллиантом
1734	items_Equipments_Armors_Copper amulet emerald	Медный амулет с изумрудом
1735	items_Equipments_Armors_Copper amulet ruby	Медный амулет с рубином
1736	items_Equipments_Armors_Copper amulet sapphire	Медный амулет с сапфиром
1737	items_Equipments_Armors_Copper amulet topaz	Медный амулет с топазом
1738	items_Equipments_Armors_Gold amulet diamond	Золотой амулет с бриллиантом
1739	items_Equipments_Armors_Gold amulet sapphire	Золотой амулет с сапфиром
1740	items_Equipments_Armors_Silver amulet diamond	Серебряный амулет с бриллиантом
1741	items_Equipments_Armors_Silver amulet topaz	Серебряный амулет с топазом
1742	items_Equipments_Armors_Copper amethyst ring	Медное кольцо с аметистом
1743	items_Equipments_Armors_Copper diamond ring	Медное кольцо с бриллиантом
1744	items_Equipments_Armors_Copper emerald ring	Медное кольцо с изумрудом
1745	items_Equipments_Armors_Copper ruby ring	Медное кольцо с рубином
1746	items_Equipments_Armors_Copper sapphire ring	Медное кольцо с сапфиром
1747	items_Equipments_Armors_Copper topaz ring	Медное кольцо с топазом
1748	items_Equipments_Armors_Golden amethyst ring	Золотое кольцо с аметистом
1749	items_Equipments_Armors_Golden diamond ring	Золотое кольцо с бриллиантом
1750	items_Equipments_Armors_Golden emerald ring	Золотое кольцо с изумрудом
1751	items_Equipments_Armors_Golden ruby ring	Золотое кольцо с рубином
1752	items_Equipments_Armors_Golden sapphire ring	Золотое кольцо с сапфиром
1753	items_Equipments_Armors_Golden topaz ring	Золотое кольцо с топазом
1754	items_Equipments_Armors_Silver amethyst ring	Серебряное кольцо с аметистом
1755	items_Equipments_Armors_Silver diamond ring	Серебряное кольцо с бриллиантом
1756	items_Equipments_Armors_Silver emerald ring	Серебряное кольцо с изумрудом
1757	items_Equipments_Armors_Silver ruby ring	Серебряное кольцо с рубином
1758	items_Equipments_Armors_Silver sapphire ring	Серебряное кольцо с сапфиром
1759	items_Equipments_Armors_Silver topaz ring	Серебряное кольцо с топазом
1766	items_Materials_Copper	Медный слиток
1767	items_Materials_Cotton	Хлопковая ткань
1768	items_Materials_Gold	Золотой слиток
1769	items_Materials_Linen	Льняная ткань
1770	items_Materials_Silk	Шёлковая ткань
1771	items_Materials_Silver	Серебряный слиток
1772	items_QuestItem_Forest_Notice	Странное уведомление
1773	items_QuestItem_Forest_Scrip	Расписка
1774	items_QuestItem_Forest_StainedPaper1	Выцветшая заметка
1775	items_QuestItem_Forest_StainedPaper2	Выцветшая заметка 2
1776	items_QuestItem_Forest_StainedPaper3	Выцветшая заметка 3
463	items_Equipments_Weapons_Lute_T2_01	Лютня
607	items_Equipments_Weapons_Lute_T3_01	Лютня эксперта
608	items_Equipments_Weapons_Lute_T4_01	Лютня мастера
609	items_Equipments_Weapons_Spear_Elf_T4_01	Копьё эльфов
610	items_Equipments_Weapons_Cutlass_Elf_T4_01	Сабля эльфа
611	items_Equipments_Weapons_Dagger_Elf_T4_01	Кинжал эльфа
612	items_Equipments_Weapons_ShortSword_Elf_T4_01	Клинок эльфа
613	items_Equipments_Weapons_TwoHandedSpear_Elf_T4_01	Двуручное копьё эльфа
614	items_Equipments_Weapons_Longbow_Elf_T4_01	Длинный лук эльфа
615	items_Equipments_Weapons_Quiver_Elf_T3_01	Колчан тупых стрел эльфа
1118	items_Equipments_Weapons_Shortbow_Elf_T4_01	Короткий лук эльфа
1760	items_Equipments_Weapons_HeaterShield_Elf_T4_01	Треугольный щит эльфа
1761	items_Equipments_Weapons_RoundShield_Elf_T4_01	Круглый щит эльфа
1762	items_Equipments_Weapons_Falchion_Elf_T4_01	Широкий меч эльфа
1763	items_Equipments_Armors_Bard_Boots_v2	Безупречные сапоги барда
1764	items_Equipments_Armors_Bard_Chest_v2	Безупречная одежда барда
1777	items_Equipments_Armors_Civilian_Noble_Head_3	Усиленная шляпка благородной дамы
1778	items_Equipments_Armors_Civilian_Medieval_Head_10	Усиленная шляпа благородного жителя
1779	items_Equipments_Armors_Civilian_Medieval_Lower_10	Штаны благородного жителя
1780	items_Equipments_Armors_Civilian_Medieval_Lower_10	Штаны благородного жителя
1781	items_Equipments_Armors_Civilian_Medieval_Lower_10	Штаны благородного жителя
1782	items_Equipments_Armors_Civilian_Medieval_Upper_10	Рубаха благородного жителя
1783	items_Equipments_Armors_Civilian_Medieval_Upper_10	Рубаха благородного жителя
1784	items_Equipments_Armors_Civilian_Medieval_Upper_10	Рубаха благородного жителя
1785	items_Equipments_Armors_Civilian_Medieval_Upper_10	Рубаха благородного жителя
1786	items_Equipments_Armors_Civilian_Medieval_Upper_10	Рубаха благородного жителя
1787	items_Equipments_Armors_Civilian_Medieval_Upper_10	Рубаха благородного жителя
1788	items_Equipments_Armors_Civilian_Medieval_Upper_10	Рубаха благородного жителя
1789	items_Equipments_Armors_Civilian_Medieval_Upper_10	Рубаха благородного жителя
1790	items_Equipments_Armors_Civilian_Medieval_Upper_10	Рубаха благородного жителя
1792	items_Equipments_Armors_Doctor_Lower	Мастерские штаны доктора
1793	items_Equipments_Armors_Doctor_Upper	Мастерское одеяние доктора
1794	items_Equipments_Armors_Herbalist_Lower	Усиленные штаны травника
1795	items_Equipments_Armors_Herbalist_Upper	Усиленная мантия травника
1796	items_Equipments_Armors_Scryer_Head	Усиленная шапка провидца
1797	items_Equipments_Armors_Scryer_Head	Усиленная шапка провидца
1798	items_Equipments_Armors_Scryer_Lower	Усиленные штаны провидца
1799	items_Equipments_Armors_Scryer_Lower	Усиленные штаны провидца
1800	items_Equipments_Armors_Scryer_Lower	Усиленные штаны провидца
1801	items_Equipments_Armors_Scryer_Upper	Усиленная рубаха провидца
1802	items_Equipments_Armors_Scryer_Upper	Усиленная рубаха провидца
1803	items_Equipments_Armors_Scryer_Upper	Усиленная рубаха провидца
1804	items_Equipments_Armors_ScreamingOwl_Junior_Helmet	Укреплённый шлем «Кричащих сов»
1805	items_Equipments_Armors_ScreamingOwl_Junior_Lower	Укреплённые поножи «Кричащих сов»
1806	items_Equipments_Armors_ScreamingOwl_Junior_Upper	Укреплённый нагрудник «Кричащих сов»
1807	items_Equipments_Armors_ScreamingOwl_Senior_Helmet	Усиленный шлем «Кричащих сов»
1808	items_Equipments_Armors_ScreamingOwl_Senior_Lower	Усиленные поножи «Кричащих сов»
1809	items_Equipments_Armors_ScreamingOwl_Senior_Upper	Усиленнный нагрудник «Кричащих сов»
1810	items_Equipments_Armors_ScreamingOwl_Veteran_Helmet	Безупречный шлем «Кричащих сов»
1811	items_Equipments_Armors_ScreamingOwl_Veteran_Lower	Безупречные поножи «Кричащих сов»
1812	items_Equipments_Armors_ScreamingOwl_Veteran_Upper	Безупречный нагрудник «Кричащих сов»
1813	items_Equipments_Armors_Broken belt	Сломанный пояс
1814	items_Equipments_Armors_Champion belt	Чемпионский пояс
1815	items_Equipments_Armors_Enhanced belt	Усиленный пояс
1816	items_Equipments_Armors_Gortus' belt	Пояс бога войны
1817	items_Equipments_Armors_Heavy belt	Тяжёлый пояс
1818	items_Equipments_Armors_Iron belt	Железный пояс
1819	items_Equipments_Armors_Light belt	Лёгкий пояс
1820	items_Equipments_Armors_Ranger's belt	Пояс рейнджера
1821	items_Equipments_Armors_Swordman's belt	Пояс мечника
1822	items_Equipments_Armors_Wanderer's belt	Пояс странника
1823	items_Equipments_Weapons_Wood_Torch	Деревянный факел
364	items_Consumables_Foods_FoodIngredients_GrilledMushroom	Жареные грибы
237	items_Equipments_Weapons_Cleaver	Тесак мясника
298	items_Equipments_Weapons_Hammer	Молот
330	items_Trashes_BeardBeads	Бусина для бороды
333	items_Trashes_BoneComb	Костяной гребень
355	items_Trashes_Brooch	Брошь
361	items_Trashes_Dice	Кости
368	items_Trashes_DrinkingHorn	Питьевой Рог
389	items_Trashes_Eyeglass	Очки
398	items_Trashes_FireStriker	Огненный ударник
403	items_Trashes_GreenTorc	Браслет
428	items_Trashes_Handball	Гандбол
429	items_Trashes_Hourglasses	Песочные часы
438	items_Trashes_IvisStatue	Статуя Айвиса
439	items_Trashes_Parchment	Пергамент
456	items_Trashes_Quills	Перья
458	items_Trashes_SilverGiltEarring	Серебряная позолоченная серьга
504	items_Trashes_AntlerChessPiece	Шахматная фигура из рога
505	items_Trashes_Soap	Мыло
510	items_Trashes_TalyAbacus	Счёты Тали
521	items_Trashes_Tambourine	Бубен
539	items_Trashes_Tobacco	Табак
540	items_Trashes_ToyKnight	Игрушечный рыцарь
549	items_Trashes_WoodenDoll	Деревянная кукла
454	items_Equipments_Weapons_Machete_Orc_T3_01	Элитный тесак орка
551	items_Equipments_Weapons_Machete_Orc_T2_01	Усиленный тесак орка
562	items_Equipments_Weapons_Besom	Метла
619	items_Equipments_Weapons_Staff_Orc_T3_01	Посох орка
622	items_Equipments_Weapons_GreatAxe_Orc_T2_01	Большой топор орков
628	items_QuestItem_Forest_SorceryGem	Волшебный камень
641	items_QuestItem_PirateIsland_OrcaParttenedBandana	Бандана с узором косатки
683	items_QuestItem_PirateIsland_IOUOfPayton	Долговая расписка Пэйтон
8793	items_QuestItem_Canyon_EdwinKey	Ключ Эдвина
8798	items_Readable_Canyon_TheBelievers1	Порванная записка верующих 1
633	items_Readable_Canyon_TheBelievers2	Порванная записка верующих 2
634	items_Equipments_Armors_Bard_Boots	Усиленные сапоги барда
652	items_Equipments_Armors_Bard_Boots_v2	Безупречные сапоги барда
695	items_Equipments_Armors_Bard_Chest	Усиленная одежда барда
705	items_Equipments_Armors_Bard_Chest_v2	Безупречная одежда барда
709	items_Equipments_Armors_Bard_Hat	Усиленная шапка барда
710	items_Equipments_Armors_Bard_Hat_v2	Безупречная шапка барда
714	items_Equipments_Armors_Butcher_Lower	Мастерские штаны мясника
903	items_Equipments_Armors_Butcher_Upper	Мастерский фартук мясника
1128	items_Equipments_Armors_Merchant_Head	Мастерская шапка торговца
1696	items_Equipments_Armors_Merchant_Head	Мастерская шапка торговца
1824	items_Equipments_Armors_Merchant_Lower	Мастерские штаны торговца
1825	items_Equipments_Armors_Merchant_Lower	Мастерские штаны торговца
1826	items_Equipments_Armors_Merchant_Upper	Мастерская рубаха торговца
1827	items_Equipments_Armors_Merchant_Upper	Мастерская рубаха торговца
1828	items_Equipments_Armors_Merchant_Head	Мастерская шапка торговца
1829	items_Equipments_Armors_Merchant_Head	Мастерская шапка торговца
1830	items_Equipments_Armors_Merchant_Lower	Мастерские штаны торговца
1831	items_Equipments_Armors_Merchant_Lower	Мастерские штаны торговца
1832	items_Equipments_Armors_Merchant_Upper	Мастерская рубаха торговца
1833	items_Equipments_Armors_Merchant_Upper	Мастерская рубаха торговца
1834	items_Equipments_Armors_Merchant_Head	Мастерская шапка торговца
1835	items_Equipments_Armors_Merchant_Head	Мастерская шапка торговца
1836	items_Equipments_Armors_Merchant_Lower	Мастерские штаны торговца
1837	items_Equipments_Armors_Merchant_Lower	Мастерские штаны торговца
1838	items_Equipments_Armors_Merchant_Upper	Мастерская рубаха торговца
1839	items_Equipments_Armors_Merchant_Upper	Мастерская рубаха торговца
1840	items_Equipments_Armors_PeacelandWarrior_Heavy_Helmet	Усиленный тяжёлый шлем воина Мироземья
1841	items_Equipments_Armors_PeacelandWarrior_Heavy_Lower	Усиленные тяжёлые поножи воина Мироземья
1842	items_Equipments_Armors_PeacelandWarrior_Heavy_Upper	Усиленный тяжёлый нагрудник воина Мироземья
1843	items_Equipments_Armors_PeacelandWarrior_Light_Helmet	Усиленный лёгкий шлем воина Мироземья
1844	items_Equipments_Armors_PeacelandWarrior_Light_Lower	Усиленные лёгкие поножи воина Мироземья
1845	items_Equipments_Armors_PeacelandWarrior_Light_Upper	Усиленный лёгкий нагрудник воина Мироземья
1846	items_Equipments_Armors_PeacelandWarrior_Medium_Helmet	Усиленный средний шлем воина Мироземья
1847	items_Equipments_Armors_PeacelandWarrior_Medium_Lower	Усиленные средние поножи воина Мироземья
1848	items_Equipments_Armors_PeacelandWarrior_Medium_Upper	Усиленный средний нагрудник воина Мироземья
1852	items_QuestItem_Common_Villager_Letter	Письмо сельского жителя
1853	items_Materials_CopperOre	Медная руда
1854	items_Materials_GoldOre	Золотая руда
1855	items_Materials_IronOre	Железная руда
1856	items_Materials_SilverOre	Серебряная руда
1857	items_Materials_Copper	Рецепт: Медный слиток
1858	items_Materials_Gold	Рецепт: Золотой слиток
1859	items_Materials_Iron	Рецепт: Железо
1860	items_Materials_Silver	Рецепт: Серебряный слиток
1861	items_Equipments_Armors_AncientElf_Knight_Boots	Безупречные древние сапоги эльфийского рыцаря
1862	items_Equipments_Armors_AncientElf_Knight_Chest	Безупречный древний нагрудник эльфийского рыцаря
1863	items_Equipments_Armors_AncientElf_Knight_Helmet	Безупречный древний шлем эльфийского рыцаря
1864	items_Equipments_Armors_DarkMage_T2_Hood	Мастерский капюшон тёмного мага
1865	items_Equipments_Armors_DarkMage_T3_Hood	Усиленный капюшон тёмного мага
1866	items_Equipments_Armors_DarkMage_T4_Hood	Безупречный капюшон тёмного мага
1867	items_Equipments_Armors_DarkMage_T4_Robe	Безупречная мантия тёмного мага
1868	items_Equipments_Armors_DarkMage_T4_Shoes	Безупречные штаны тёмного мага
1869	items_Equipments_Armors_Necromancer_T4_Robe	Безупречная мантия некроманта
1870	items_Equipments_Armors_Necromancer_T4_Shoes	Безупречная обувь некроманта
1871	items_QuestItem_Stirrup_HoarsePotion	Зелье хрипоты
1872	items_QuestItem_Stirrup_StringErosionPotion	Зелье разъедания
259	items_QuestItem_Forest_OldDiary2	Старый дневник 2
260	items_Equipments_Armors_BarmaidA_Hat	Мастерская шапка барменши
262	items_Equipments_Armors_Wizard_T2_Hat	Мастерская шляпа волшебника
315	items_Equipments_Armors_Wizard_T2_Robe	Мастерская мантия волшебника
1298	items_Equipments_Armors_Wizard_T2_Shoes	Мастерская обувь волшебника
1873	items_Equipments_Armors_Wizard_T3_Hat	Усиленная шляпа волшебника
1874	items_Equipments_Armors_Wizard_T3_Robe	Усиленная мантия волшебника
1875	items_Equipments_Armors_Wizard_T3_Shoes	Усиленная обувь волшебника
1876	items_Equipments_Armors_Wizard_T4_Hat	Безупречная шляпа волшебника
1877	items_Equipments_Armors_Wizard_T4_Robe	Безупречная мантия волшебника
1878	items_Equipments_Armors_Wizard_T4_Shoes	Безупречная обувь волшебника
1879	items_Equipments_Armors_Civilian_MiddleEast_Set1_Head	Шляпа южанина
1880	items_Equipments_Armors_Civilian_MiddleEast_Set1_Lower	Штаны южанина
1881	items_Equipments_Armors_Civilian_MiddleEast_Set1_Upper	Рубаха южанина
1882	items_Equipments_Armors_Civilian_MiddleEast_Set1_Head	Шляпа южанина
1883	items_Equipments_Armors_Civilian_MiddleEast_Set1_Lower	Штаны южанина
1884	items_Equipments_Armors_Civilian_MiddleEast_Set1_Upper	Рубаха южанина
1885	items_Equipments_Armors_Civilian_MiddleEast_Set1_Head	Шляпа южанина
1886	items_Equipments_Armors_Civilian_MiddleEast_Set1_Lower	Штаны южанина
1887	items_Equipments_Armors_Civilian_MiddleEast_Set1_Upper	Рубаха южанина
1888	items_Equipments_Armors_Civilian_MiddleEast_Set1_Head	Шляпа южанина
1889	items_Equipments_Armors_Civilian_MiddleEast_Set1_Lower	Штаны южанина
1890	items_Equipments_Armors_Civilian_MiddleEast_Set1_Upper	Рубаха южанина
1891	items_Equipments_Armors_Civilian_MiddleEast_Set1_Head	Шляпа южанина
1892	items_Equipments_Armors_Civilian_MiddleEast_Set1_Lower	Штаны южанина
1893	items_Equipments_Armors_Civilian_MiddleEast_Set1_Upper	Рубаха южанина
1894	items_Equipments_Wearing_Legend_UndeadKnight_Boots	Безупречные сапоги Бессмертного рыцаря
1895	items_Equipments_Wearing_Legend_UndeadKnight_Chest	Безупречный доспех Бессмертного рыцаря
1896	items_Equipments_Wearing_Legend_UndeadKnight_Helmet	Безупречный шлем бессмертного рыцаря
416	items_Equipments_Wearing_Gladiators_Legend_Gladiator_Legend_Alyanas_Boots	Безупречные сапоги «Альянаса»
523	items_Equipments_Wearing_Gladiators_Legend_Gladiator_Legend_Alyanas_Chest	Безупречное облачение «Альянаса»
643	items_Equipments_Wearing_Gladiators_Legend_Gladiator_Legend_Alyanas_Helmet	Безупречный шлем «Альянаса»
660	items_Equipments_Wearing_Gladiators_Legend_Gladiator_Legend_Blackthorn_Boots	Безупречные сапоги «Блэкторн»
1897	items_Equipments_Wearing_Gladiators_Legend_Gladiator_Legend_Blackthorn_Chest	Безупречный доспех «Блэкторн»
1898	items_Equipments_Wearing_Gladiators_Legend_Gladiator_Legend_Blackthorn_Helmet	Безупречный шлем «Блэкторн»
1899	items_Equipments_Wearing_Gladiators_Legend_Gladiator_Legend_Bloodsand_Boots	Безупречные сапоги кровавого песка
1900	items_Equipments_Wearing_Gladiators_Legend_Gladiator_Legend_Bloodsand_Chest	Безупречный доспех кровавого песка
1901	items_Equipments_Wearing_Gladiators_Legend_Gladiator_Legend_Bloodsand_Helmet	Безупречный шлем кровавого песка
1902	items_Equipments_Wearing_Gladiators_Legend_Gladiator_Legend_DesolateFort_Boots	Безупречные сапоги «Пустынный форт»
1903	items_Equipments_Wearing_Gladiators_Legend_Gladiator_Legend_DesolateFort_Chest	Безупречный доспех «Пустынный форт»
1904	items_Equipments_Wearing_Gladiators_Legend_Gladiator_Legend_DesolateFort_Helmet	Безупречный шлем «Пустынный форт»
1905	items_Equipments_Wearing_Gladiators_Legend_Gladiator_Legend_Gortus_Boots	Безупречные сапоги Гортуса
1906	items_Equipments_Wearing_Gladiators_Legend_Gladiator_Legend_Gortus_Chest	Безупречный доспех Гортуса
1907	items_Equipments_Wearing_Gladiators_Legend_Gladiator_Legend_Gortus_Helmet	Безупречный шлем Гортуса
1908	items_Equipments_Wearing_Gladiators_Legend_Gladiator_Legend_KingdomGlory_Boots	Безупречные сапоги «Слава королевства»
1909	items_Equipments_Wearing_Gladiators_Legend_Gladiator_Legend_KingdomGlory_Chest	Безупречный нагрудник «Слава королевства»
1910	items_Equipments_Wearing_Gladiators_Legend_Gladiator_Legend_KingdomGlory_Helmet	Безупречный шлем «Слава королевства»
1911	items_Equipments_Wearing_Gladiators_Legend_Gladiator_Legend_OrcMaster_Boots	Безупречные сапоги повелителя орков
1912	items_Equipments_Wearing_Gladiators_Legend_Gladiator_Legend_OrcMaster_Chest	Безупречный нагрудник повелителя орков
1913	items_Equipments_Wearing_Gladiators_Legend_Gladiator_Legend_OrcMaster_Helmet	Безупречный шлем повелителя орков
1914	items_Equipments_Wearing_Gladiators_Legend_Gladiator_Legend_Terrell_Boots	Безупречные сапоги Террелла
1915	items_Equipments_Wearing_Gladiators_Legend_Gladiator_Legend_Terrell_Chest	Безупречный доспех Террелла
1916	items_Equipments_Wearing_Gladiators_Legend_Gladiator_Legend_Terrell_Helmet	Безупречный шлем Террелла
1917	items_Equipments_Wearing_SpecialSet_Izumonoryu_Armor	Безупречный доспех дракона Изумо
1918	items_Equipments_Wearing_SpecialSet_Izumonoryu_Helmet	Безупречный шлем дракона Изумо
1919	items_Equipments_Wearing_SpecialSet_Legend_Freeman_Bruteman_Boots	Безупречные сапоги пустынного воина
1920	items_Equipments_Wearing_SpecialSet_Legend_Freeman_Bruteman_Chest	Безупречный доспех пустынного воина
1921	items_Equipments_Wearing_SpecialSet_Legend_Freeman_Bruteman_Helmet	Безупречный шлем пустынного воина
1922	items_Equipments_Wearing_SpecialSet_Legend_Freeman_Dwarf_Boots	Безупречные сапоги одинокого стражника
1923	items_Equipments_Wearing_SpecialSet_Legend_Freeman_Dwarf_Chest	Безупречный доспех одинокого стражника
1924	items_Equipments_Wearing_SpecialSet_Legend_Freeman_Dwarf_Helmet	Безупречный шлем одинокого стражника
1925	items_Equipments_Wearing_SpecialSet_Legend_Freeman_Elf_Boots	Безупречные сапоги «Тень леса»
1926	items_Equipments_Wearing_SpecialSet_Legend_Freeman_Elf_Chest	Безупречный доспех «Тень леса»
1928	items_Equipments_Wearing_SpecialSet_Legend_Freeman_GladiatorFemale_Boots	Безупречные сапоги «Былая слава»
1929	items_Equipments_Wearing_SpecialSet_Legend_Freeman_GladiatorFemale_Chest	Безупречный доспех «Былая слава»
1930	items_Equipments_Wearing_SpecialSet_Legend_Freeman_GladiatorFemale_Helmet	Безупречный шлем «Былая слава»
1931	items_Equipments_Wearing_SpecialSet_RedLotus_Armor	Безупречный доспех «Красный лотос»
1932	items_Equipments_Wearing_SpecialSet_RedLotus_Boots	Безупречные сапоги «Красный лотос»
1933	items_Equipments_Wearing_SpecialSet_RedLotus_Helmet	Безупречный шлем «Красный лотос»
1935	items_Materials_MonsterMaterials_HighLevel_GiantSandwormSkin	Кожа гигантского песчаного червя
1936	items_Materials_MonsterMaterials_SandwormTeeth	Зубы песчаного червя
1937	items_Readable_Journal_DeadTraveler	Журнал мёртвого путешественника
1938	items_QuestItem_Heirloom	Украденное сокровище
1939	items_QuestItem_LargeCargo	Большой груз
1940	items_QuestItem_MediumCargo	Средний груз
1941	items_QuestItem_MercenaryBadge	Значок наёмника: ранг C
1942	items_QuestItem_SmallCargo	Малый груз
1943	items_Equipments_Weapons_KnightSword_AncientElf_T4_01	Древний меч эльфа
1944	items_Equipments_Weapons_KnightShield_AncientElf_T4_01	Древний щит эльфа
1945	items_Equipments_Weapons_Staff_AncientElf_T4_01	Древний посох эльфа
1946	items_Equipments_Weapons_LongSword_AncientElf_T4_01	Древний двуручный меч эльфа
324	items_Trashes_Shears	Ножницы
1947	items_Equipments_Armors_Necromancer_T3_Robe	Усиленная мантия некроманта
1948	items_Equipments_Armors_Necromancer_T3_Shoes	Усиленная обувь некроманта
1949	items_Consumables_Foods_CookedFoods_HoneyCake	Медовый торт
252	items_Consumables_Potions_Useless_InjuryKiller_T2	Усиленное средство от травм
395	items_Consumables_Potions_Useless_InjuryKiller_T3	Элитное средство от травм
34	items_Quest_FateCoin_EmperorAndArena_F	Монета судьбы: император и арена
336	items_QuestItem_PirateIsland_MemoryPotion	Зелье памяти
339	items_QuestItem_Forest_BucksNecklace	Ожерелье Бака
477	items_QuestItem_PirateIsland_ContratofTeodulo	Контракт Теодуло
482	items_QuestItem_PirateIsland_LetterToGarry	Письмо Гарри
483	items_QuestItem_GreenTown_CargoList	Список грузов
484	items_QuestItem_GreenTown_SuspiciousLetter	Подозрительное письмо
485	items_QuestItem_PirateIsland_ScripFromDana	Расписка от Даны
486	items_QuestItem_The Big Market_Briefing	Инструктаж
487	items_QuestItem_The Big Market_BaseCellKey	Ключ базовой ячейки
488	items_QuestItem_GreenTown_RoughElfBow	Грубый эльфийский лук
489	items_QuestItem_GreenTown_KeyOfRonasDorm	Ключ от общежития Роны
650	items_QuestItem_GreenTown_KeyOfLarielsRoom	Ключ от комнаты Лариэль
896	items_QuestItem_GreenTown_SuspiciousPotion	Подозрительное зелье
1084	items_QuestItem_GreenTown_UsedPotion	Использованное зелье
1119	items_Consumables_Books_IntroductionToBlackMagic	Введение в магию тьмы
1192	items_Consumables_Books_IntroductionToFireMagic	Введение в магию огня
1193	items_Consumables_Books_IntroductionToIceMagic	Введение в магию льда
1194	items_Consumables_Books_IntroductionToLightningMagic	Введение в магию молнии
1267	items_Consumables_Books_IntroductionToWhiteMagic	Введение в магию света
1342	items_QuestItem_WardenForest_GriffinsHead	Голова грифона
1346	items_QuestItem_WardenForest_CelestiaLily	Небесная лилия
1347	items_QuestItem_WardenForest_VerdantWhispers	Зелёный шёпот
1348	items_QuestItem_WardenForest_WeatheredChest	Обветренный сундук
1349	items_QuestItem_GreenTown_KeyOfAverysHouse	Ключ от дома Эйвери
1350	items_Consumables_Foods_UselessFoods_UselessFoodIngredients_Bacon	Бекон
1351	items_Consumables_Foods_UselessFoods_UselessCookedFoods_Oatmeal	Овсянка
1352	items_Readable_GreenTown_AnonymousLetter	Анонимное письмо
653	items_QuestItem_GreenTown_SilverMask	Серебряная маска
654	items_QuestItem_WardenForest_DryadsWhisperAmulet	Амулет «Шёпот дриады»
655	items_Consumables_Foods_CookedFoods_BearMeatStewInVinegar	Тушёное медвежье мясо в уксусе
656	items_Consumables_Foods_CookedFoods_ElephantGravy	Соус из слонятины
765	items_Consumables_Foods_CookedFoods_GarlickyLambChop	Чесночная отбивная из баранины
767	items_Consumables_Foods_CookedFoods_RiversideStew	Тушёное мясо «Риверсайд»
817	items_Consumables_Foods_CookedFoods_RoastedHump	Жареный верблюжий горб
818	items_Consumables_Foods_CookedFoods_RoastedWolfMeat	Жареное мясо волка
851	items_Consumables_Foods_CookedFoods_SmokedHorseMeat	Копчёная конина
852	items_Consumables_Foods_FoodIngredients_BearMeat	Медвежье мясо
853	items_Consumables_Foods_FoodIngredients_CrocodileMeat	Крокодиловое мясо
914	items_Consumables_Foods_FoodIngredients_ElephantMeat	Слоновье мясо
925	items_Consumables_Foods_FoodIngredients_HorseMeat	Конина
1122	items_Consumables_Foods_FoodIngredients_Hump	Верблюжий горб
1126	items_Consumables_Foods_FoodIngredients_Lamb	Ягнёнок
1139	items_Consumables_Foods_FoodIngredients_WolfMeat	Волчье мясо
1142	items_Consumables_Foods_CookedFoods_BearMeatStewInVinegar	Рецепт: Тушёное медвежье мясо в уксусе
1157	items_Consumables_Foods_CookedFoods_ElephantGravy	Рецепт: Соус из слонятины
1163	items_Consumables_Foods_CookedFoods_GarlickyLambChop	Рецепт: Чесночная отбивная из баранины
1164	items_Consumables_Foods_FoodIngredients_GrilledMushroom	Рецепт: Жареные грибы
1167	items_Consumables_Foods_CookedFoods_RiversideStew	Рецепт: Тушёное мясо «Риверсайд»
1168	items_Consumables_Foods_CookedFoods_RoastedHump	Рецепт: Жареный верблюжий горб
1174	items_Consumables_Foods_CookedFoods_RoastedWolfMeat	Рецепт: Жареное мясо волка
1175	items_Consumables_Foods_CookedFoods_SmokedHorseMeat	Рецепт: Копчёная конина
663	items_Equipments_Ornaments_Amulet_T4_01	Песня тени
1353	items_Equipments_Wearing_Belts_Belt_T4_01	Пояс стража зверей
1354	items_Equipments_Wearing_Belts_Belt_T4_02	Пояс бриза
1355	items_Equipments_Ornaments_Ring_T4_01	Фазы луны
1356	items_Equipments_Ornaments_Ring_T4_02	Обручальное кольцо Сена
1357	items_Equipments_Weapons_Staff_T5_03	Посох призыва молний
1358	items_Equipments_Weapons_Staff_T5_04	Стрела времени
1359	items_Equipments_Armors_Civilian_Medieval_Head_2	Шляпа жителя
1598	items_Equipments_Armors_Civilian_Medieval_Head_10	Шляпа благородного жителя
1599	items_Equipments_Armors_Civilian_Medieval_Head_10	Шляпа благородного жителя
1600	items_Equipments_Armors_Civilian_Medieval_Head_10	Шляпа благородного жителя
1652	items_Equipments_Armors_Civilian_Medieval_Lower_1	Штаны гражданина
1653	items_Equipments_Armors_Civilian_Medieval_Lower_1	Штаны гражданина
1654	items_Equipments_Armors_Civilian_Medieval_Lower_10	Штаны благородного гражданина
1655	items_Equipments_Armors_Civilian_Medieval_Lower_10	Штаны благородного гражданина
1656	items_QuestItem_GreenTown_SeedOfTheSacredTree	Семя священного дерева
1657	items_Equipments_Weapons_Wand_T2_01	Рецепт: Жезл
1658	items_Equipments_Weapons_Wand_T3_01	Рецепт: Жезл волшебника
1659	items_Equipments_Weapons_Wand_T4_01	Рецепт: Жезл архимага
1660	items_Equipments_Weapons_Wand_T2_01	Жезл
1661	items_Equipments_Weapons_Wand_T2_01	Жезл
1950	items_Equipments_Weapons_Wand_T3_01	Жезл волшебника
1951	items_Equipments_Weapons_Wand_T3_01	Жезл волшебника
1952	items_Equipments_Weapons_Wand_T4_01	Жезл архимага
1953	items_Equipments_Weapons_Wand_T4_01	Жезл архимага
1954	items_Equipments_Weapons_HandCrossbow_T2_01	Ручной арбалет
1955	items_Equipments_Weapons_HandCrossbow_T3_01	Ручной арбалет охотника
1956	items_Equipments_Weapons_HandCrossbow_T4_01	Ручной арбалет преследователя
491	items_Equipments_Armors_HamlinRing	Кольцо Хэмлина
492	items_QuestItem_WardenForest_WeatheredLeftHand	Обветренная левая рука
494	items_QuestItem_WardenForest_WeatheredRightHand	Обветренная правая рука
830	items_QuestItem_WardenForest_WeatheredSkull	Обветренный череп
831	items_QuestItem_WardenForest_WeatheredChest	Обветренный сундук
166	items_Consumables_Foods_UselessFoods_UselessCookedFoods_Salted_Fish	Рецепт: Солёная рыба
1934	items_Consumables_Foods_CookedFoods_FishSoup	Рыбный суп
23	items_QuestItem_Forest_TheHeartOfAimer	Сердце Эймера
490	items_Consumables_Books_IntroductionToBard	Введение в барда
832	items_QuestItem_WardenForest_DunhysBomb	Бомба Данхиса
835	items_QuestItem_WardenForest_KeyToTimeMagicianTomb	Ключ от гробницы мага времени
836	items_QuestItem_WardenForest_LunaRuneStone	Рунный камень (Луна)
837	items_QuestItem_WardenForest_StarsRuneStone	Рунный камень (Звёзды)
840	items_QuestItem_WardenForest_SunRuneStone	Рунный камень (Солнце)
841	items_Equipments_Weapons_Katana_T5_03	Белая тень
842	items_Equipments_Weapons_Katana_T5_04	Хюнки
846	Item_Equipment_Wearing_Legend_Freeman_Ronin_Boots	Безупречные сапоги «Курахаори»
847	Item_Equipment_Wearing_Legend_Freeman_Ronin_Chest	Безупречный доспех «Курахаори»
855	Item_Equipment_Wearing_Legend_Freeman_Ronin_Helmet	Безупречный шлем «Курахаори»
1105	Item_Equipment_Wearing_Legend_ShadowMoon_Armor	Безупречный доспех «Призрачная Луна»
1106	Item_Equipment_Wearing_Legend_ShadowMoon_Boots	Безупречные сапоги «Призрачная Луна»
1108	Item_Equipment_Wearing_Legend_ShadowMoon_Helmet	Безупречный шлем «Призрачная Луна»
1109	Item_Equipment_Wearing_Legend_Yoiyami_Armor	Безупречный доспех Йоями
1110	Item_Equipment_Wearing_Legend_Yoiyami_Boots	Безупречные сапоги Йоями
1111	Item_Equipment_Wearing_Legend_Yoiyami_Mask	Безупречная маска Йоями
1112	items_Equipments_Armors_Ninja_ClothEpic	Безупречное облачение мастера-ниндзя
1113	items_Equipments_Armors_Ninja_ClothRare	Усиленное облачение ниндзя
1295	items_Equipments_Armors_Ninja_Hat_IronEpic	Безупречная шляпа мастера-ниндзя
1302	items_Equipments_Armors_Ninja_MaskRare	Усиленная маска ниндзя
1306	items_Equipments_Armors_Ninja_ShoesEpic	Безупречная обувь мастера-ниндзя
1307	items_Equipments_Armors_Ninja_ShoesRare	Усиленная обувь ниндзя
1309	items_Equipments_Armors_Samurai_ArmorEpic	Безупречный самурайский доспех
1320	items_Equipments_Armors_Samurai_ArmorRare	Усиленная самурайская броня
1849	items_Equipments_Armors_Samurai_HelmetEpic	Безупречный самурайский шлем
1850	items_Equipments_Armors_Samurai_HelmetRare	Усиленный самурайский шлем
1851	items_Equipments_Armors_Samurai_ShoesEpic	Безупречная самурайская обувь
1957	items_Equipments_Armors_Samurai_ShoesRare	Усиленная самурайская обувь
1958	items_Equipments_Weapons_Wakizashi_T5_01	Карасумару
1959	items_Equipments_Weapons_Wakizashi_T5_02	Арагума
1960	items_QuestItem_Brea_StrangeTreasureCase	Странный ящик с сокровищами
1961	items_Readable_Common_StrangeMessage0	Странное сообщение
1962	items_Readable_Common_StrangeMessage1	Странное сообщение 2
1963	items_Equipments_Wearing_Legend_TimeWatcher_Lower	Безупречные поножи «Стража времени»
1964	items_Equipments_Wearing_Legend_TimeWatcher_Upper	Безупречный нагрудник «Стража времени»
1965	items_Equipments_Weapons_Machete_T5_02	Гордость Бернис
1966	items_Equipments_Weapons_RoundShield_T5_02	Награда Бернис
1967	items_QuestItem_Ronin_BloodstainedCloth	Кровавые тряпки
1968	items_QuestItem_Ronin_DirtyScentedBag	Грязный пакетик
1969	items_Equipments_Weapons_Katana_T2_01	Катана
1970	items_QuestItem_Ronin_BlackDye	Чёрный краситель
1971	items_Equipments_Weapons_Naginata_T2_01	Нагината ронина
1972	items_Equipments_Weapons_Longbow_Samurai_T2_01	Малый самурайский лук
1973	items_Consumables_Books_IntroductionToAirMagic	Введение в магию воздуха
1974	items_Consumables_Books_KirenSecretScroll	Секретное руководство секты Кирен
1975	items_Consumables_Books_SecertOfSpiritMagic	Секрет духовной магии
845	items_Equipments_Weapons_KnightSword_T5_03	Легендарный рыцарский меч
1976	Item_Equipment_Wearing_Feiyan_Armor	Безупречная фейянская рубаха
1977	Item_Equipment_Wearing_Feiyan_Boots	Безупречные фейянские штаны
1978	Item_Equipment_Wearing_Feiyan_Helmet	Безупречная фейянская шляпа
1979	items_QuestItem_MiasmaSwamp_BelieversHolyWater	Святая вода верующего
1980	items_QuestItem_OrcMaster_Memo_OrcMaster_0	Памятка
1981	items_QuestItem_CastleThinwood_AliasGear	Оборудование Алии
1982	items_QuestItem_CastleThinwood_TowerDoorKey	Ключ от башни
1983	items_Trash_HardcoverBook	Книга в твердом переплете
1984	items_Equipments_Weapons_Club_Orc_T3_01	Элитная дубина орка
1985	items_QuestItem_MonkTemple_AneksAntidote	Противоядие Анека
1986	items_QuestItem_MonkTemple_AntidoteRecipe	Рецепт противоядия
1987	items_QuestItem_MonkTemple_BigSnakeGall	Жёлчный пузырь большой змеи
1988	items_QuestItem_MonkTemple_LessonPlan	План урока
1989	items_QuestItem_MonkTemple_PackagedMaterial	Упакованные материалы
1990	items_QuestItem_MonkTemple_RemainingHerbs	Оставшиеся травы
1991	items_QuestItem_MonkTemple_StrangeTextBook	Книга со странными текстами
1992	items_Consumables_Books_IntroductionToYanguanSword	Янгуаньская игра на мечах
1993	items_QuestItem_MercenaryBadge_A	Значок наёмника: ранг A
1994	items_QuestItem_MercenaryBadge_B	Значок наёмника: ранг B
1995	items_QuestItem_Strriup_LetterFromGrimm	Письмо от Гримма
1996	items_Readable_Canyon_LivingBodyResearchRecord	Отчёт об исследовании живого тела
1997	items_Readable_Canyon_TheFourGuardiansOfAlyanas	Четыре стража Альянаса
1998	items_QuestItem_Strriup_LetterOnTheRobber	Письмо о грабителе
1999	items_QuestItem_Strriup_LettersOnTheRebels	Письмо о повстанцах
2000	items_Equipments_Wearing_KEYNPC_Alia_Outfit	Усиленный наряд Алии
2001	items_Quest_FateCoin_OrientalEmpire_F	Монета судьбы: багуа неба и земли
2002	items_QuestItem_StrangeCoin	Странная монета
2003	items_Equipments_Ornaments_Amulet_T4_02_WeepWithGrief	Рецепт: Плач от горя
2004	items_Equipments_Ornaments_Amulet_T4_02_WeepWithGrief	Плач от горя
2005	items_Materials_MonsterMaterials_FragmentOfTheSoulCrystal	Фрагмент кристалла души
2006	items_Consumables_Books_NecromancersResearchNotebook	Блокнот исследований некроманта
2007	items_QuestItem_Brea_Glass	Стекло
2008	items_QuestItem_Forest_PurpleMandatura	Пурпурная мандатура
2009	items_Materials_MonsterMaterials_WeretoadTongue	Язык оборотня-жабы
2010	Item_Equipment_Wearing_SaltQueen_Armor	Безупречный доспех «Соляной королевы»
2011	Item_Equipment_Wearing_SaltQueen_Boots	Безупречные сапоги «Соляной королевы»
2012	Item_Equipment_Wearing_SaltQueen_Helmet	Безупречный шлем «Соляной королевы»
2013	items_Equipments_Armors_Pagan_Cloth_Lower	Безупречные языческие штаны
2014	items_Equipments_Armors_Pagan_Cloth_Upper	Безупречное языческое облачение
2015	items_Equipments_Armors_Pagan_Heavy_Lower	Безупречные языческие пластинчатые поножи
2016	items_Equipments_Armors_Pagan_Heavy_Upper	Безупречная языческая пластинчатая броня
2017	items_Equipments_Armors_Pagan_Light_Lower	Безупречные языческие кожаные поножи
2018	items_Equipments_Armors_Pagan_Light_Upper	Безупречная языческая кожаная броня
2019	items_Equipments_Armors_Pagan_Medium_Lower	Безупречные языческие жесткокожие поножи
2020	items_Equipments_Armors_Pagan_Medium_Upper	Безупречная языческая жесткокожая броня
2021	items_QuestItem_GreenLeaves_IllusoryColorfulPhantom	Иллюзорный красочный призрак
2022	items_QuestItem_GreenLeaves_KeyOfTheSewerIronDoor	Ключ от канализационной железной двери
2023	items_QuestItem_Greenleaves_MysteriousSecretCode	Таинственный секретный код
2024	items_QuestItem_GreenLeaves_HuffsDebt	Долг Хаффа
2025	items_QuestItem_GreenLeaves_SpecialBadge	Специальный значок
2026	items_Equipments_Ornaments_Ring_T4_03_VipersBite	Укус змеи
2027	items_QuestItem_DashteDesert_TheSaltQueen	Тахмина, соляная королева
2028	items_Equipments_Wearing_KEYNPC_Adelina_FullOutfit	Безупречный наряд Аделины
2029	items_Equipments_Armors_DarkMage_T3_Robe	Усиленная мантия тёмного мага
2030	items_Equipments_Armors_DarkMage_T2_Robe	Мастерская мантия тёмного мага
2031	items_Equipments_Armors_DarkMage_T3_Shoes	Усиленные штаны тёмного мага
2032	items_Equipments_Armors_DarkMage_T2_Shoes	Мастерские штаны тёмного мага
2033	items_QuestItem_WhiteSteedOrder_TrollLegBone	Кость ноги тролля
2034	items_Equipments_Ornaments_Amulet_T4_03_LizardTailAmulet	Амулет из хвоста ящерицы
2035	items_Equipments_Wearing_Belt_T4_03_FearlessBelt	Пояс бесстрашия
2036	items_QuestItem_WhiteSteedOrder_BadgeOfTheWhiteSteedOrder	Знак ордена Белого Коня
2037	items_QuestItem_WildMage_MoonShadowKey	Ключ от лунной тени
2038	items_QuestItem_WildMage_StarlightMirror	Зеркало звёздного света
2039	items_QuestItem_WildMage_StarScroll	Звёздный свиток
2040	items_QuestItem_BansheeGully_ClairsNotebook	Блокнот Клэр
2041	items_QuestItem_BansheeGully_CreepySkull	Жуткий череп
2042	items_Readable_BansheeGully_HistoryOfTheBansheeGully	История Банши-Галли
2043	items_QuestItem_Contraband	Контрабанда
2044	items_Readable_WildMage_ALetterFromAban	Письмо от Абана
2045	items_Equipments_Wearing_KEYNPC_Gilda_FullOutfit	Безупречный наряд Гильды
2046	items_Equipments_Wearing_KEYNPC_Tebaud_Outfit	Безупречный наряд Тебо
2047	items_Equipments_Wearing_KEYNPC_Lysanthir_FullOutfit	Безупречный наряд Лисантира
2048	items_Equipments_Armors_Darkknight_Helmet_T2	Укреплённый шлем тёмного рыцаря
2049	items_Equipments_Armors_Darkknight_Helmet_T3	Усиленный шлем тёмного рыцаря
2050	items_Equipments_Armors_Darkknight_Lower_T2	Укреплённые латные поножи тёмного рыцаря
2051	items_Equipments_Armors_Darkknight_Lower_T3	Усиленные ножные латы тёмного рыцаря
2052	items_Equipments_Armors_Darkknight_Lower_T4	Безупречные ножные латы тёмного рыцаря
2053	items_Equipments_Armors_Darkknight_Upper_T2	Укреплённая латная кираса тёмного рыцаря
2054	items_Equipments_Armors_Darkknight_Upper_T3	Усиленная кираса тёмного рыцаря
2055	items_Equipments_Wearing_Darkknight_Upper_T4	Безупречная кираса тёмного рыцаря
2056	Item_Equipment_Wearing_SeaFlower_Head	Безупречный шлем «Морской цветок»
2057	Item_Equipment_Wearing_SeaFlower_Lower	Безупречные сапоги «Морской цветок»
2058	Item_Equipment_Wearing_SeaFlower_Upper	Безупречный доспех «Морской цветок»
2059	items_Consumables_Potions_BTA_DeathImmunePotion	Зелье иммунитета к смерти
2060	items_Consumables_Potions_BTA_ExperiencePotion_Large	Большое зелье опыта
2061	items_Consumables_Potions_BTA_ExperiencePotion_Medium	Среднее зелье опыта
2062	items_Consumables_Potions_BTA_ExperiencePotion_Small	Маленькое зелье опыта
2063	items_Consumables_Potions_BTA_LoyaltyPotion	Зелье верности
2064	items_Consumables_Potions_BTA_MoralePotion_Large	Большое зелье боевого духа
2065	items_Consumables_Potions_BTA_MoralePotion_Medium	Среднее зелье боевого духа
2066	items_Consumables_Potions_BTA_MoralePotion_Small	Маленькое зелье боевого духа
2067	items_Consumables_Potions_BTA_PhysicalHealing_Large	Большое зелье здоровья
2068	items_Consumables_Potions_BTA_PhysicalHealing_Medium	Среднее зелье здоровья
2069	items_Consumables_Potions_BTA_PhysicalHealing_Small	Маленькое зелье здоровья
2070	items_Consumables_Potions_BTA_DeathImmunePotion	Рецепт: Зелье иммунитета к смерти
2071	items_Consumables_Potions_BTA_ExperiencePotion_Large	Рецепт: Большое зелье опыта
2072	items_Consumables_Potions_BTA_ExperiencePotion_Medium	Рецепт: Среднее зелье опыта
2073	items_Consumables_Potions_BTA_ExperiencePotion_Small	Рецепт: Маленькое зелье опыта
2074	items_Consumables_Potions_BTA_LoyaltyPotion	Рецепт: Зелье верности
2075	items_Consumables_Potions_BTA_MoralePotion_Large	Рецепт: Большое зелье боевого духа
2076	items_Consumables_Potions_BTA_MoralePotion_Medium	Рецепт: Среднее зелье боевого духа
2077	items_Consumables_Potions_BTA_MoralePotion_Small	Рецепт: Маленькое зелье боевого духа
2078	items_Consumables_Potions_BTA_PhysicalHealing_Large	Рецепт: Большое зелье здоровья
2079	items_Consumables_Potions_BTA_PhysicalHealing_Medium	Рецепт: Среднее зелье здоровья
2080	items_Consumables_Potions_BTA_PhysicalHealing_Small	Рецепт: Маленькое зелье здоровья
1232	items_Consumables_Books_CodexOfBeast	Кодекс зверя
2082	items_Consumables_Books_CodexOfEarth	Кодекс земли
2083	items_Consumables_Books_CodexOfForest	Кодекс леса
2084	items_QuestItem_CridheHighlands_AncientManuscript	Древняя классика
2085	items_QuestItem_CridheHighlands_SacredAcorn	Святые желуди
2086	items_Readable_CridheHighlands_ACrumpledLetter	Мятое письмо
2087	items_Readable_CridheHighlands_PlagueOfBeastsV	«Чума зверей», журнал V
2088	items_ActItems_Potion_Act	Деревянный кубок
2108	items_Equipments_Weapons_Hatchet_T4_02	Железный коготь Ильвы
2109	items_Equipments_Weapons_KnightSword_T4_02	Стальные зубы Ильвы
2110	items_Equipments_Weapons_Hoplon_T4_02	Защитник племени
2111	items_Equipments_Weapons_Longaxe_T5_02	Секира Асбьёрна
2089	items_Equipments_Armors_Gladiator_Veteran_Heavy_Boots	Усиленные тяжёлые сапоги ветерана-гладиатора
2090	items_Equipments_Armors_Gladiator_Veteran_Heavy_Boots_T2	Безупречные тяжёлые сапоги ветерана-гладиатора
2091	items_Equipments_Armors_Gladiator_Veteran_Heavy_Chest	Усиленный тяжёлый нагрудник ветерана-гладиатора
2092	items_Equipments_Armors_Gladiator_Veteran_Heavy_Chest_T2	Безупречный тяжёлый нагрудник ветерана-гладиатора
2093	items_Equipments_Armors_Gladiator_Veteran_Heavy_Helmet	Усиленный тяжёлый шлем ветерана-гладиатора
2094	items_Equipments_Armors_Gladiator_Veteran_Heavy_Helmet_T2	Безупречный тяжёлый шлем ветерана-гладиатора
2095	items_Equipments_Armors_Gladiator_Veteran_Light_Boots	Усиленные лёгкие сапоги ветерана-гладиатора
2096	items_Equipments_Armors_Gladiator_Veteran_Light_Boots_T2	Безупречные лёгкие сапоги ветерана-гладиатора
2097	items_Equipments_Armors_Gladiator_Veteran_Light_Chest	Усиленный лёгкий нагрудник ветерана-гладиатора
2098	items_Equipments_Armors_Gladiator_Veteran_Light_Chest_T2	Безупречный лёгкий нагрудник ветерана-гладиатора
2099	items_Equipments_Armors_Gladiator_Veteran_Light_Helmet	Усиленный лёгкий шлем ветерана-гладиатора
2100	items_Equipments_Armors_Gladiator_Veteran_Light_Helmet_T2	Безупречный лёгкий шлем ветерана-гладиатора
2101	items_Equipments_Armors_Gladiator_Veteran_Medium_Boots	Усиленные средние сапоги ветерана-гладиатора
2102	items_Equipments_Armors_Gladiator_Veteran_Medium_Boots_T2	Безупречные средние сапоги ветерана-гладиатора
2103	items_Equipments_Armors_Gladiator_Veteran_Medium_Chest	Усиленный средний нагрудник ветерана-гладиатора
2104	items_Equipments_Armors_Gladiator_Veteran_Medium_Chest_T2	Безупречный средний нагрудник ветерана-гладиатора
2105	items_Equipments_Armors_Gladiator_Veteran_Medium_Helmet	Усиленный средний шлем ветерана-гладиатора
2106	items_Equipments_Armors_Gladiator_Veteran_Medium_Helmet_T2	Безупречный средний шлем ветерана-гладиатора
2107	Item_Equipment_Wearing_Legend_Northerner1_Boots	Безупречные ботинки «Лейфа»
2112	Item_Equipment_Wearing_Legend_Northerner1_Chest	Безупречный доспех «Лейфа»
2113	Item_Equipment_Wearing_Legend_Northerner1_Helmet	Безупречный шлем «Лейфа»
2114	Item_Equipment_Wearing_Legend_Northerner2_Boots	Безупречные сапоги «Ильвы»
2115	Item_Equipment_Wearing_Legend_Northerner2_Chest	Безупречный доспех «Ильвы»
2116	Item_Equipment_Wearing_Legend_Northerner2_Helmet	Безупречный шлем «Ильвы»
2117	Item_Equipment_Wearing_Legend_Northerner3_Boots	Безупречные сапоги «Асбьёрна»
2118	Item_Equipment_Wearing_Legend_Northerner3_Chest	Безупречный доспех «Асбьёрна»
2119	Item_Equipment_Wearing_Legend_Northerner3_Helmet	Безупречный шлем «Асбьёрна»
2120	Item_Quest_Runestone3	Рунный камень Асбьёрна
2121	items_Equipments_Weapons_HeavySpear_T4_01	Тяжёлое копьё аристократа
2122	items_Equipments_Weapons_Spear_T4_01	Копьё аристократа
2123	items_Equipments_Weapons_Sabre_T4_01	Сабля генерала
2124	items_Equipments_Weapons_Wakizashi_T4_01	Тайное наследие вакидзаси
2125	items_Equipments_Weapons_TwoHandedSpear_T4_01	Двуручное копьё герцога
2126	items_Equipments_Weapons_Longbow_T4_01	Длинный лук генерала
2127	items_Equipments_Weapons_Shortbow_T4_01	Короткий лук преследователя
2128	items_Equipments_Weapons_Katana_T4_01	Катана генерала
2129	items_Equipments_Weapons_Buckler_Bronze_T4_01	Медный баклер аристократа
2130	items_Equipments_Weapons_Buckler_Wood_T1_01	Деревянный баклер
2131	items_Equipments_Weapons_Buckler_Wood_T2_01	Деревянный баклер солдата
2132	items_Equipments_Weapons_Buckler_Wood_T3_01	Деревянный баклер рыцаря
2133	items_Equipments_Weapons_Buckler_Wood_T4_01	Деревянный баклер аристократа
2134	items_Equipments_Weapons_Nodachi_T2_01	Ятодо
2135	items_Equipments_Weapons_Nodachi_T3_01	Самурайский ятодо
2136	items_Equipments_Weapons_Nodachi_T4_01	Тайное наследие Ятодо
2137	items_Equipments_Armors_Gladiator_Veteran_Heavy_Boots_T2	Рецепт: Безупречные тяжёлые сапоги ветерана-гладиатора
2138	items_Equipments_Armors_Gladiator_Veteran_Heavy_Chest_T2	Рецепт: Безупречный тяжёлый нагрудник ветерана-гладиатора
2139	items_Equipments_Armors_Gladiator_Veteran_Heavy_Helmet_T2	Рецепт: Безупречный тяжёлый шлем ветерана-гладиатора
2140	items_Equipments_Armors_Gladiator_Veteran_Light_Boots_T2	Рецепт: Безупречные лёгкие сапоги ветерана-гладиатора
2141	items_Equipments_Armors_Gladiator_Veteran_Light_Chest_T2	Рецепт: Безупречный лёгкий нагрудник ветерана-гладиатора
2142	items_Equipments_Armors_Gladiator_Veteran_Light_Helmet_T2	Рецепт: Безупречный лёгкий шлем ветерана-гладиатора
2143	items_Equipments_Armors_Gladiator_Veteran_Medium_Boots_T2	Рецепт: Безупречные средние сапоги ветерана-гладиатора
2144	items_Equipments_Armors_Gladiator_Veteran_Medium_Chest_T2	Рецепт: Безупречный средний нагрудник ветерана-гладиатора
2145	items_Equipments_Armors_Gladiator_Veteran_Medium_Helmet_T2	Рецепт: Безупречный средний шлем ветерана-гладиатора
2146	items_QuestItem_BTA_SecretTradeRecord	Тайная торговая запись
1233	items_Equipments_Weapons_BattleAxe_T1_01	Рецепт: Боевой топор
1236	items_Equipments_Weapons_DoubleAxe_T3_01	Рецепт: Обоюдоострый топор элитного воина
1315	items_Equipments_Weapons_Hatchet_T4_01	Рецепт: Ручной топор хищника
1430	items_Equipments_Weapons_Club_T1_01	Рецепт: Дубина
1432	items_Equipments_Weapons_Flail_T2_01	Рецепт: Кистень стражи
1545	items_Equipments_Weapons_FlangedMace_T4_01	Рецепт: Пернач аристократа
1547	items_Equipments_Weapons_Mace_T2_01	Рецепт: Гвоздебой солдата
1550	items_Equipments_Weapons_WarHammer_T4_01	Рецепт: Военный молот аристократа
1552	items_Equipments_Weapons_HeavySpear_T4_01	Рецепт: Тяжёлое копьё аристократа
1555	items_Equipments_Weapons_Spear_T4_01	Рецепт: Копьё аристократа
1557	items_Equipments_Weapons_Cutlass_T2_01	Рецепт: Абордажная сабля странника
1560	items_Equipments_Weapons_Dagger_T3_01	Рецепт: Кинжал ассасина
1562	items_Equipments_Weapons_KnightSword_T3_01	Рецепт: Меч рыцаря
1565	items_Equipments_Weapons_Machete_T4_01	Рецепт: Тесак вождя
1567	items_Equipments_Weapons_Rapier_T4_01	Рецепт: Рапира короля
1570	items_Equipments_Weapons_Sabre_T4_01	Рецепт: Сабля генерала
1572	items_Equipments_Weapons_ShortSword_T4_01	Рецепт: Клинок тайного приказа
1575	items_Equipments_Weapons_Bardiche_T4_01	Рецепт: Бердыш вождя
1577	items_Equipments_Weapons_Glaive_T1_01	Рецепт: Глефа
1581	items_Equipments_Weapons_Glaive_T2_01	Рецепт: Глефа наёмника
1583	items_Equipments_Weapons_Glaive_T3_01	Рецепт: Глефа элитного воина
1584	items_Equipments_Weapons_Glaive_T4_01	Рецепт: Глефа вождя
1585	items_Equipments_Weapons_Halberd_T2_01	Рецепт: Длинное копьё солдата
1586	items_Equipments_Weapons_Poleaxe_T3_01	Рецепт: Длинный топор воина
1587	items_Equipments_Weapons_TwoHandedSpear_T4_01	Рецепт: Двуручное копьё герцога
1588	items_Equipments_Weapons_Longbow_T4_01	Рецепт: Длинный лук генерала
1927	items_Equipments_Weapons_Quiver_T1_01	Рецепт: Колчан стрел
2147	items_Equipments_Weapons_Quiver_T2_01	Рецепт: Колчан стрел разведчика
2148	items_Equipments_Weapons_Quiver_T3_01	Рецепт: Колчан стрел охотника
2149	items_Equipments_Weapons_QuiverBlunt_T1_01	Рецепт: Колчан тупых стрел
2150	items_Equipments_Weapons_QuiverBlunt_T2_01	Рецепт: Колчан тупых стрел разведчика
2151	items_Equipments_Weapons_QuiverBlunt_T3_01	Рецепт: Колчан тупых стрел охотника
2152	items_Equipments_Weapons_Shortbow_T4_01	Рецепт: Короткий лук преследователя
2153	items_Equipments_Weapons_Crossbow_T3_01	Рецепт: Лёгкий арбалет охотника
2154	items_Equipments_Weapons_CrossbowQuiver_T1_01	Рецепт: Колчан болтов
2155	items_Equipments_Weapons_CrossbowQuiver_T2_01	Рецепт: Колчан болтов разведчика
2156	items_Equipments_Weapons_CrossbowQuiver_T3_01	Рецепт: Колчан болтов охотника
2157	items_Equipments_Weapons_CrossbowQuiverBlunt_T1_01	Рецепт: Колчан тупых болтов
2158	items_Equipments_Weapons_CrossbowQuiverBlunt_T2_01	Рецепт: Колчан тупых болтов разведчика
2159	items_Equipments_Weapons_CrossbowQuiverBlunt_T3_01	Рецепт: Колчан тупых болтов охотника
2160	items_Equipments_Weapons_HeavyCrossbow_T3_01	Рецепт: Тяжёлый арбалет элитного воина
2161	items_Equipments_Weapons_LeatherShield_T2_01	Рецепт: Кожаный щит «Цинлуань»
2162	items_Equipments_Weapons_LeatherShield_T3_01	Рецепт: Элитный кожаный щит «Цинлуань»
2163	items_Equipments_Weapons_KiteShield_T2_01	Рецепт: Каплевидный щит солдата
2164	items_Equipments_Weapons_KiteShield_T3_01	Рецепт: Каплевидный щит рыцаря
2165	items_Equipments_Weapons_Pavise_T2_01	Рецепт: Павеза солдата
2166	items_Equipments_Weapons_Pavise_T3_01	Рецепт: Павеза рыцаря
2167	items_Equipments_Weapons_RoundShield_T2_01	Рецепт: Круглый щит солдата
2168	items_Equipments_Weapons_GreatAxe_T4_01	Рецепт: Большой топор королевской гвардии
2169	items_Equipments_Weapons_Longaxe_T4_01	Рецепт: Секира жнеца
2170	items_Equipments_Weapons_TwoHandedDoubleAxe_T4_01	Рецепт: Двуручный обоюдоострый топор вождя
2171	items_Equipments_Weapons_TwoHandedClub_T4_01	Рецепт: Двуручная булава вождя
2172	items_Equipments_Weapons_TwoHandedFlail_T4_01	Рецепт: Двуручный цеп лорда
2173	items_Equipments_Weapons_TwoHandedMace_T4_01	Рецепт: Моргенштерн короля
2174	items_Equipments_Weapons_TwoHandedWarHammer_T4_01	Рецепт: Боевой молот-клевец лорда
2175	items_Equipments_Weapons_BastardSword_T2_01	Рецепт: Полуторный меч солдата
2176	items_Equipments_Weapons_Falchion_T2_01	Рецепт: Усиленный широкий меч
2177	items_Equipments_Weapons_LongSword_T2_01	Рецепт: Длинный меч гнома
2178	items_Equipments_Ornaments_Relics_BrokenArrow	Сломанная стрела
2179	items_Equipments_Ornaments_Relics_CharmingConch	Чарующая раковина
2180	items_Equipments_Ornaments_Relics_ElvewoodBranch	Ветвь Элввуда
2181	items_Equipments_Ornaments_Relics_FurnaceFragment	Обломок горна
2182	items_Equipments_Ornaments_Relics_LuckyCoin	Счастливая монета
2183	items_Equipments_Ornaments_Relics_MeteoriteShad	Метеорит Шэд
2184	items_Equipments_Ornaments_Relics_NobleHeraldicRing	Благородное геральдическое кольцо
2185	items_Equipments_Ornaments_Relics_RabitFoot	Кроличья лапка
2186	items_Equipments_Ornaments_Relics_SaintsFingerBone	Кость пальца святого
2187	items_Equipments_Ornaments_Relics_Sarira	Сарира
2188	items_Equipments_Ornaments_Relics_TobaccoPipe	Старая трубка
2189	items_Equipments_Weapons_Buckler_Bronze_T2_01	Рецепт: Медный баклер солдата
2190	items_Equipments_Weapons_Buckler_Bronze_T3_01	Рецепт: Медный баклер рыцаря
2191	items_Equipments_Weapons_Buckler_Bronze_T4_01	Рецепт: Медный баклер аристократа
2192	items_Equipments_Weapons_Buckler_T3_01	Рецепт: Баклер рыцаря
2193	items_Equipments_Weapons_Buckler_Wood_T1_01	Рецепт: Деревянный баклер
2194	items_Equipments_Weapons_Buckler_Wood_T2_01	Рецепт: Деревянный баклер солдата
2195	items_Equipments_Weapons_Buckler_Wood_T3_01	Рецепт: Деревянный баклер рыцаря
2196	items_Equipments_Weapons_Buckler_Wood_T4_01	Рецепт: Деревянный баклер аристократа
2197	items_Consumables_GortusBlindBox_Armor	Таинственный подарок Гортуса в виде доспехов
2198	items_Consumables_GortusBlindBox_Weapon	Таинственное оружие Гортуса в подарок
2201	items_Equipments_Ornaments_Amulet_T5_04_TheEyesOfGreen	Зелёные глаза
2199	items_Equipments_Wearing_PresbyterNorris_FullOutfit	Безупречный наряд пресвитера Норриса
2200	items_QuestItem_BansheeGully_KeyOfTortureChamber	Ключ от камеры пыток
2202	items_QuestItem_VelasisIsland_CaptainArosKey	Ключ капитана Ароса
2203	items_QuestItem_VelasisIsland_GildedSunflower	Позолоченный подсолнух
2204	items_QuestItem_VelasisIsland_TheSecretRoyalHistoryOfAgarthia	Тайная королевская история Агартии
2205	items_Consumables_BTA_GortusTrial_BlessingOfGortus	Благословение Гортуса
2206	items_Consumables_BTA_GortusTrial_BlessingOfIruos	Благословение Ируоса
2207	items_Consumables_BTA_GortusTrial_BlessingOfVanucrius	Благословение Ванукриуса
2208	items_Equipments_Wearing_Gladiators_Legend_Gladiator_Legend_Blackthorn_Boots	Рецепт: Безупречные сапоги «Блэкторн»
2209	items_Equipments_Wearing_Gladiators_Legend_Gladiator_Legend_Blackthorn_Chest	Рецепт: Безупречный доспех «Блэкторн»
2210	items_Equipments_Wearing_Gladiators_Legend_Gladiator_Legend_Blackthorn_Helmet	Рецепт: Безупречный шлем «Блэкторн»
2211	items_Equipments_Wearing_Gladiators_Legend_Gladiator_Legend_Blackthorn_Breakage_Boots	Безупречные потрёпанные сапоги «Блэкторн»
2212	items_Equipments_Wearing_Gladiators_Legend_Gladiator_Legend_Blackthorn_Breakage_Chest	Безупречный потрёпанный нагрудник «Блэкторн»
2213	items_Equipments_Wearing_Gladiators_Legend_Gladiator_Legend_Blackthorn_Breakage_Helmet	Безупречный потрёпанный шлем «Блэкторн»
2081	items_Consumables_Books_KirenSecretScroll	Секретное руководство секты Кирен
2214	items_Equipments_Weapons_ChineseSword_T5_01	Цан Фэн
2215	items_Equipments_Weapons_BattleStick_T5_02_Chinese	Шест гунь
2216	items_Equipments_Weapons_ChineseSword_T5_02	Белый лотос
2217	items_Equipments_Weapons_Falchion_T5_02_Chinese	Дадао
2218	items_Equipments_Weapons_KnightSword_T5_03	Легендарный рыцарский меч
2219	Item_Equipment_Wearing_Xuefei_Armor	Безупречный доспех «Сюэфэй»
2220	Item_Equipment_Wearing_Xuefei_Boots	Безупречные штаны «Сюэфэй»
2221	Item_Equipment_Wearing_MasterCha_Lower	Безупречные штаны «Мастера Ча»
2222	Item_Equipment_Wearing_MasterCha_Upper	Безупречная мантия «Мастера Ча»
2223	items_Equipments_Ornaments_Relics_JadeFaceToad	Нефритовая жаба
2224	items_Equipments_Weapons_TwoHandedSpear_T5_02	Блестящее тигровое копьё «Восемь сокровищ»
2225	Item_Equipment_Wearing_Chinese_MGSZJ_Lower	Безупречные кольчужные поножи «Мингуан»
2226	Item_Equipment_Wearing_Chinese_MGSZJ_Upper	Безупречный кольчужный доспех «Мингуан»
2227	Item_Equipment_Wearing_Chinese_MGSZJ_Helmet	Безупречный шлем «Мингуан»
2228	items_Equipments_Armors_Belt_of_fitness	Пояс крепости
2229	items_Equipments_Armors_Belt_of_spirit	Пояс духа
2230	items_Equipments_Armors_Fighters_belt	Пояс воина
2231	items_Equipments_Armors_Loose_belt	Ослабленный пояс
2232	items_Equipments_Armors_Monks_belt	Пояс монаха
2233	items_Equipments_Ornaments_Relics_JinmenNo1Badge	Значок Цзиньмэнь № 1
2234	items_Equipments_Ornaments_Relics_MasterCha	Корень Мастера Ча
2235	items_Equipments_Weapons_Staff_T5_05	Дыхание дракона
2237	items_Equipments_Wearing_WanderingMage_Lower	Безупречные штаны странствующего мага
2238	items_Equipments_Wearing_WanderingMage_Upper	Безупречная мантия странствующего мага
2236	items_Equipments_Wearing_Legend_FreeKnight_Boots	Безупречные латные сапоги свободного рыцаря
2239	items_Equipments_Wearing_Legend_FreeKnight_Chest	Безупречный латный нагрудник свободного рыцаря
2240	items_Equipments_Wearing_Legend_FreeKnight_Helmet	Безупречный шлем свободного рыцаря
2241	items_Equipments_Weapons_Staff_T5_06	Новая звезда академии
2242	items_Equipments_Weapons_Wand_T5_01	Рука Мерил Маганти
2243	items_Equipments_Weapons_BastardSword_T5_02_CoiledDoom	Змеиный рок
2244	items_Equipments_Armors_Ring_T4_04_SaifsRing	Кольцо Саифа
2247	items_Materials_MonsterMaterials_HighLevel_DragonBone	Кость дракона
2248	items_Materials_MonsterMaterials_HighLevel_DragonScale	Чешуя дракона
2249	items_Materials_MonsterMaterials_HighLevel_DragonSkin	Кожа дракона
2250	items_Materials_MonsterMaterials_HighLevel_EarthDragonGlass	Стекло земляного дракона
2251	items_Materials_MonsterMaterials_HighLevel_ForestDragonGlass	Стекло лесного дракона
2252	items_Materials_MonsterMaterials_HighLevel_GiantCrabPincer	Клешня гигантского краба
2253	items_Materials_MonsterMaterials_HighLevel_GiantCrabShell	Панцирь гигантского краба
2254	items_Materials_MonsterMaterials_HighLevel_GiantSandwormFang	Клык гигантского песчаного червя
2255	items_Materials_MonsterMaterials_HighLevel_LavaDragonGlass	Стекло лавового дракона
2245	items_Readable_Breawoods_MessageFromClement	Сообщение от Клемент
2256	items_Quest_FateCoin_EyeOfAfterlife_F	Монета судьбы: око загробной жизни
2257	items_QuestItem_StrangeCoin	Странная монета
2258	items_Equipments_Weapons_BattleStick_T4_02_CrescentSpatulaStick	Лунный серп
2259	items_Quest_FateCoin_Sacurid_F	Монета судьбы: Секурид
2260	items_QuestItem_StrangeCoin	Странная монета
2261	items_Equipments_Weapons_KnightShield_T5_01	Защита Беллы
2262	items_Equipments_Weapons_GreatSword_T5_03	Сердце варвара
2263	items_Equipments_Wearing_Legend_SwanKnight_Boots	Безупречные сапоги рыцаря-лебедя
2264	items_Equipments_Wearing_Legend_SwanKnight_Chest	Безупречный нагрудник рыцаря-лебедя
2265	items_Equipments_Wearing_Legend_SwanKnight_Helmet	Безупречный шлем рыцаря-лебедя
2266	items_Equipments_Drillmaster_Lower	Укреплённые стеганые штаны инструктора
2267	items_Equipments_Drillmaster_Upper	Укреплённый нагрудник инструктора
2268	items_Equipments_Armors_Solider_Lower_T2_1	Усиленные стеганые штаны солдата
2269	items_Equipments_Armors_Solider_Chest_T3_1	Усиленный средний нагрудник солдата
2270	items_Equipments_Armors_Ring_T5_01_AhiramsRing	Кольцо Ахирама
2271	items_Consumables_Books_Berserker	Введение в берсеркера
2272	items_Consumables_Books_Commander	Введение в командира
2273	items_Consumables_Books_Defender	Введение в защитника
2274	items_Consumables_Books_Duelist	Введение в дуэлянта
2275	items_Consumables_Books_Fighter	Введение в истребителя
2276	items_Consumables_Books_Marksman	Введение в стрелка
2277	items_Consumables_Books_Ranger	Введение в рейнджера
2278	items_Consumables_Books_Rogue	Введение в разбойника
2279	items_Consumables_Books_IntroductionToBattleMonk	Введение в боевого монаха
2280	items_Consumables_Books_Alchemy	Алхимические заметки неизвестного ученика
2281	items_Consumables_Books_Bargain	Царство и коммерция
2282	items_Consumables_Books_Cook	Поваренная книга
2283	items_Consumables_Books_Insight	Справочник для наёмника-новичка
2284	items_Consumables_Books_Intimidation	Искусство допроса
2285	items_Consumables_Books_Mechanics	Империя гоблинов
2286	items_Consumables_Books_Pathfind	География Фрилендов
2287	items_Consumables_Books_Persuasion	Измени свою жизнь
2288	items_Consumables_Books_Scholarly	Глупость Хеманда
2289	items_Consumables_Books_Smithing	Записки кузницы Гарольда
2290	items_Consumables_Books_Sneak	В тень
2291	items_Consumables_Books_Theft	Мелкий вор
2292	items_Readable_BansheeGully_ApocalypseOfOneness	Апокалипсис единства
2293	items_Readable_BansheeGully_NotebookWithDoodles	Блокнот с рисунками
2294	items_Readable_BansheeGully_TheFugitivesJournal	Журнал беглеца
2295	items_Equipments_Armors_Druid_Set1_Lower	Безупречные брюки друида
2296	items_Equipments_Armors_Druid_Set1_Upper	Безупречная туника друида
2297	items_Equipments_Armors_Druid_Set2_Hood	Безупречный капюшон друида-воина
2298	items_Equipments_Armors_Druid_Set2_Lower	Безупречные брюки друида-воина
2299	items_Equipments_Armors_Druid_Set2_Upper	Безупречная туника друида-воина
2300	items_Equipments_Armors_Druid_Set3_Hood	Безупречный капюшон друида-пастуха
2301	items_Equipments_Armors_Druid_Set3_Lower	Безупречные брюки друида-пастуха
2302	items_Equipments_Armors_Druid_Set3_Upper	Безупречная туника друида-пастуха
2303	items_Equipments_Wearing_Legend_DragonHeavyArmor_Helmet	Легендарный тяжёлый драконий шлем
2304	items_Equipments_Wearing_Legend_DragonHeavyArmor_Lower	Легендарные тяжёлые драконьи поножи
2305	items_Equipments_Wearing_Legend_DragonHeavyArmor_Upper	Легендарный тяжёлый драконий нагрудник
2306	items_Equipments_Wearing_Legend_DragonLightArmor_Helmet	Легендарный лёгкий драконий шлем
2307	items_Equipments_Wearing_Legend_DragonLightArmor_Lower	Легендарные лёгкие драконьи поножи
2308	items_Equipments_Wearing_Legend_DragonLightArmor_Upper	Легендарный лёгкий драконий нагрудник
2309	items_Equipments_Wearing_Legend_DragonMediumArmor_Helmet	Легендарный средний драконий шлем
2310	items_Equipments_Wearing_Legend_DragonMediumArmor_Lower	Легендарные средние драконьи поножи
2311	items_Equipments_Wearing_Legend_DragonMediumArmor_Upper	Легендарный средний драконий нагрудник
2312	items_Equipments_Wearing_Legend_Sandworm_Helmet	Легендарный шлем песчаного червя
2313	items_Equipments_Wearing_Legend_Sandworm_Lower	Легендарные поножи песчаного червя
2314	items_Equipments_Wearing_Legend_Sandworm_Upper	Легендарный нагрудник песчаного червя
2315	items_Equipments_Wearing_Pagan_Cloth_FullOutfit	Безупречный языческий наряд
2316	items_Equipments_Weapons_TwoHandedMace_T5_01_DivinePunisher	Божья кара
2317	items_Quest_FateCoin_Kerriman_F	Монета судьбы: древний корень
2318	items_QuestItem_StrangeCoin	Странная монета
2319	items_QuestItem_WardenForest_JeromesBody	Тело Джерома
2320	items_QuestItem_WardenForest_JeromeDiary	Дневник Джерома
2321	items_Equipments_Armors_AncientElf_Knight_Boots	Безупречные древние сапоги эльфийского рыцаря
2322	items_Equipments_Armors_AncientElf_Knight_Chest	Безупречный древний нагрудник эльфийского рыцаря
2323	items_Equipments_Armors_AncientElf_Knight_Helmet	Безупречный древний шлем эльфийского рыцаря
2324	items_Trashes_Valuables_AncientIncenseBurner	Древняя курильница
2325	items_Trashes_Valuables_AntiqueBracelet	Антикварный браслет
2326	items_Trashes_Valuables_BrassFigurine	Латунная статуэтка
2327	items_Trashes_Valuables_BrassGoblet	Латунный кубок
2328	items_Trashes_Valuables_BrassPlate	Латунная пластина
2329	items_Trashes_Valuables_CeramicVase	Керамическая ваза
2330	items_Trashes_Valuables_CrystalBall	Хрустальный шар
2331	items_Trashes_Valuables_ExquisiteJewelryBox	Изысканная шкатулка для драгоценностей
2332	items_Trashes_Valuables_FeatherQuillAndInkBottle	Перо и бутылочка с чернилами
2333	items_Trashes_Valuables_GoldenFigurine	Золотая статуэтка
2334	items_Trashes_Valuables_GoldenGoblet	Золотой кубок
2335	items_Trashes_Valuables_GoldenPlate	Золотая тарелка
2336	items_Trashes_Valuables_Pearl	Жемчуг
2337	items_Trashes_Valuables_SilverFigurine	Серебряная статуэтка
2338	items_Trashes_Valuables_SilverGoblet	Серебряный кубок
2339	items_Trashes_Valuables_SilverPlate	Серебряная тарелка
2340	items_Trashes_Valuables_WarHorn	Боевой рог
2246	item_QuestItem_VaergahlVolcano_AirElementSlate	Сланец стихии воздуха
2341	item_QuestItem_VaergahlVolcano_BlazingDragonsHeart	Пылающее сердце дракона
2342	item_QuestItem_VaergahlVolcano_EarthElementSlate	Сланец стихии земли
2343	item_QuestItem_VaergahlVolcano_FireElementSlate	Сланец стихии огня
2344	item_QuestItem_VaergahlVolcano_WaterElementSlate	Сланец стихии воды
2345	items_Materials_MonsterMaterials_HighLevel_SkyDragonGlass	Стекло небесного дракона
2346	items_Equipments_Armors_ScaleMail_Helmet_T2	Рецепт: Укреплённый чешуйчатый шлем
2347	items_QuestItem_VelasisIsland_DiegoBottle	Бутылка Диего
2348	items_Trashes_Bowl	Чаша
2349	items_Equipments_Weapons_NorthernSword_T3_01	Северный меч
2350	items_Equipments_Weapons_NorthernSword_T4_01	Северный меч вождя
2351	Item_Equipment_Wearing_WhiteLotus_Lower	Безупречные штаны «Феи Белого Лотоса»
2352	Item_Equipment_Wearing_WhiteLotus_Upper	Безупречная мантия «Феи Белого Лотоса»
2353	Club_T5_02_GiantCrabClawHammer	Молот из клешни гигантского краба
2354	HeaterShield_T5_01_GiantCrabShield	Гигантский щит «Панцирь краба»
2355	items_Consumables_Books_AncientTome_1_TheFourGuardiansOfAlyanas	Четыре стража Альянаса
2356	items_Consumables_Books_AncientTome_2_EternalRoots	Вечные корни
2357	items_Consumables_Books_AncientTome_3_TheSecretRoyalHistoryOfAgarthia	Тайная королевская история Агартии
2358	items_Consumables_Books_AncientTome_4_TheSaltQueen	Соляная королева Тахмина
2359	items_Consumables_Books_AncientTome_5_SilverLeafChronicle	Хроника Серебряного листа
2360	items_Consumables_Books_AncientTome_6_HistoryofStanton	История Стэнтона
2361	items_Equipments_Weapons_OrientalSword_T2_01	Восточный меч
2362	items_Equipments_Weapons_OrientalSword_T3_01	Восточный меч рыцаря
2363	items_Equipments_Weapons_OrientalSword_T4_01	Восточный меч мастера
2364	items_Equipments_Weapons_Oriental_Spear_T2_01	Красное копьё
2365	items_Equipments_Weapons_Oriental_Spear_T3_01	Красное копьё рыцаря
2366	items_Equipments_Weapons_Oriental_Spear_T4_01	Красное копьё мастера
2367	items_Equipments_Armors_Wuxia_Hat_T3	Укрепленная бамбуковая шляпа «Уся»
2368	items_Equipments_Armors_Wuxia_Hat_T4	Безупречная железная шляпа «Уся»
2369	items_Equipments_Armors_Wuxia_Lower_T3	Укрепленные поножи «Уся»
2370	items_Equipments_Armors_Wuxia_Lower_T4	Усиленные поножи «Уся»
2371	items_Equipments_Armors_Wuxia_Upper_T3	Укрепленный нагрудник «Уся»
2372	items_Equipments_Armors_Wuxia_Upper_T4	Усиленный нагрудник «Уся»
2373	Item_Equipment_Wearing_Chinese_SZJ_Helmet	Восточный шлем солдата
2374	Item_Equipment_Wearing_Chinese_SZJ_Lower	Восточные кольчужные поножи солдата
2375	Item_Equipment_Wearing_Chinese_SZJ_Upper	Восточный кольчужный нагрудник солдата
2376	items_QuestItem_CridheHighlands_EternalRoots	Вечные корни
2377	items_QuestItem_Forest_SilverLeafChronicle	Хроника Серебряного листа
2378	items_QuestItem_ExplorationQuest_ChronicleOfTheOracle	Хроники Оракула
2379	items_Equipments_Armors_Wuxia_Hat_T2	Соломенная шляпа «Уся»
2380	items_Equipments_Armors_Wuxia_Lower_T2	Поножи «Уся»
2381	items_Equipments_Armors_Wuxia_Upper_T2	Нагрудник «Уся»
2382	items_Readable_VaergahlVolcano_ArtisansAleAnthemsVII	«Гимны ремесленного эля», стих VII
2383	items_Readable_VaergahlVolcano_LavaColossusProtocol	Стандартный протокол производства лавового колосса
2384	items_Consumables_Books_NorthernerRunestone	Рунный камень северянина
2385	item_Quest_GoldenSunEmblem	Эмблема золотого солнца
2386	item_Quest_ObsidianRitualDagger	Обсидиановый ритуальный кинжал
2387	item_Quest_SilverSmallFishAmulet	Амулет «Серебряная рыбка»
2388	item_Quest_StoneFigurine	Каменная статуэтка
2389	items_Equipments_Ornaments_Relics_AdamantineGear	Адамантовая шестерня
2390	items_Equipments_Ornaments_Relics_SoulStone	Камень души
2391	items_Equipments_Ornaments_Relics_TatteredPaperOfDevil	Обрывок демонической книги
2392	items_Equipments_Ornaments_Relics_TearOfGorgon	Слеза Горгоны
2393	items_Equipments_Ornaments_Relics_ValiantSwordEmblem	Эмблема меча храбреца
2394	items_QuestItem_ExplorationQuest_DustyAdamantineGear	Пыльная адамантовая шестерня
2395	items_QuestItem_ExplorationQuest_DustySoulStone	Пыльный камень души
2396	items_QuestItem_ExplorationQuest_DustyTatteredPaperOfDevil	Пыльный обрывок демонической книги
2397	items_QuestItem_ExplorationQuest_DustyTearOfGorgon	Пыльная слеза Горгоны
2398	items_QuestItem_ExplorationQuest_DustyValiantSwordEmblem	Пыльная эмблема меча храбреца
2399	items_Consumables_Lockpick	Отмычка
2400	items_Consumables_RepairKit	Ремонтные инструменты
45	items_Equipments_Wearing_AcademyMage_Lower	Безупречные штаны мага академии
1765	items_Equipments_Wearing_AcademyMage_Upper	Безупречная мантия мага академии
1791	items_Equipments_Wearing_AcademyMage_Upper	Безупречная мантия мага академии
2401	items_Equipments_Wearing_BlackScholarMage_Upper	Безупречное одеяние тёмного учёного
2402	items_Equipments_Wearing_DesertMage_Upper	Безупречная мантия пустынного мага
2403	items_Equipments_Wearing_Mage_Hood	Безупречный капюшон мага
2404	items_Equipments_Wearing_RoyalMage_Head	Безупречная шапка королевского мага
2405	items_Equipments_Wearing_RoyalMage_Lower	Безупречные штаны королевского мага
2406	items_Equipments_Wearing_RoyalMage_Upper	Безупречная мантия королевского мага
2407	items_Equipments_Wearing_RoyalMage_Upper	Безупречная мантия королевского мага
2408	items_Equipments_Wearing_ScholarMage_Lower	Безупречные штаны учёного мага
2409	items_Equipments_Wearing_ScholarMage_Upper	Безупречная мантия учёного мага
2410	items_Equipments_Wearing_ScholarMage_Upper	Безупречная мантия учёного мага
2411	items_Equipments_Wearing_ScholarMage_Upper	Безупречная мантия учёного мага
2412	items_Equipments_Wearing_WanderingMage_Upper	Безупречная мантия странствующего мага
2413	items_QuestItem_CastleCurtis_BastiensBotton	Пуговица Бастьена
2414	items_QuestItem_CastleCurtis_TheProfaneBloodpact	Осквернение кровавого завета
2415	items_Readable_ChroniclesOfSacuridPart1	«Хроники Секуридов», часть I
2416	items_Readable_ChroniclesOfSacuridPart2	«Хроники Секуридов», часть II
2417	items_Readable_ChroniclesOfSacuridPart3	«Хроники Секуридов», часть III
2418	items_Readable_DuskUponTalysWall	«Сумерки на стене Тали»
2419	items_Readable_DwellersBelow	«Жители внизу»
2420	items_Readable_HymnToIvisTheAllfather	«Гимн Айвису Всеотцу»
2423	items_Readable_MiztorriMagicPrimerPart1	«Букварь магии Мизторри», часть I
2424	items_Readable_MiztorriMagicPrimerPart2	«Букварь магии Мизторри», часть II
2425	items_Readable_OsseydisSonnet	«Сонет Оссейди»
2426	items_Readable_ShantyOfMelisian	«Мелисийская шанти»
2428	items_Readable_TheCodexUmbraTheEightInfernalDukesPart1	«Кодекс Умбра: Восемь инфернальных герцогов», часть I
2429	items_Readable_TheCodexUmbraTheEightInfernalDukesPart2	«Кодекс Умбра: Восемь инфернальных герцогов», часть II
2430	items_Readable_TheEternalWar	«Вечная война»
2431	items_Readable_TheOriginOfMiztorriPart1	«Происхождение Мизторри», часть I
2432	items_Readable_TheOriginOfMiztorriPart2	«Происхождение Мизторри», часть II
2433	items_Readable_TheOriginOfMiztorriPart3	«Происхождение Мизторри», часть III
2435	items_Readable_TheOriginOfMiztorriPart5	«Происхождение Мизторри», часть V
2436	items_Readable_TheOriginOfMiztorriPart6	«Происхождение Мизторри», часть VI
2437	items_Readable_TheOriginOfMiztorriPart7	«Происхождение Мизторри», часть VII
2438	items_Readable_TheOriginOfMiztorriPart8	«Происхождение Мизторри», часть VIII
2439	items_Readable_TravelsInPeacelandTheMageKingdomOfTheSands	«Путешествие по Мирной стране: Магическое королевство песков»
2440	items_Readable_TravelsInSacuridTheSplendorOfTheBoatCity	«Путешествия Секореда: слава города Дачжоу»
2441	items_Readable_WanderingsInTheEmeraldWildsPart1	«Странствия по Изумрудным дебрям», часть I
2442	items_Readable_WanderingsInTheEmeraldWildsPart2	«Странствия по Изумрудным дебрям», часть II
2443	items_Readable_WanderingsInTheEmeraldWildsPart3	«Странствия по Изумрудным дебрям», часть III
2444	items_Readable_WoodElvesNocturne	Ноктюрн лесных эльфов
2445	items_Consumables_Lockpick	Рецепт: Отмычка
2446	items_Consumables_RepairKit	Рецепт: Ремонтные инструменты
2447	items_Consumables_HealingOintment_Large	Лечебная мазь (большая)
2448	items_Consumables_HealingOintment_Medium	Лечебная мазь (средняя)
2449	items_Consumables_HealingOintment_Small	Лечебная мазь (маленькая)
2450	items_Equipments_Armors_FirstRanger_Boots	Безупречные кожаные сапоги чемпиона-рейнджера
2451	items_Equipments_Armors_FirstRanger_Chest	Безупречный кожаный нагрудник чемпиона-рейнджера
2452	items_Equipments_Armors_Assassin_Boots	Безупречные сапоги убийцы
2453	items_Equipments_Armors_Assassin_Chest	Безупречный нагрудник убийцы
2454	items_Equipments_Armors_Ranger_Boots	Безупречные ботинки рейнджера
2455	items_Equipments_Armors_Ranger_Chest	Безупречный нагрудник рейнджера
2456	items_Equipments_Armors_Shadowless_Boots	Безупречные сапоги Бестеневого рейнджера
2457	items_Equipments_Armors_Shadowless_Chest	Безупречный нагрудник Бестеневого рейнджера
2458	items_Trashes_Rope	Верёвка
2459	items_QuestItem_CridheHighlands_AncientManuscriptDecode	Расшифрованные древние тексты
2460	items_Quest_FateCoin_PiratesFavour_F	Монета судьбы: пиратская услуга
2461	items_Quest_FateCoin_TheOracle_F	Монета судьбы: церковь оракулов
2462	items_Readable_CridheHighlands_LegendsOfTheRottenKingdom	Легенды Гнилого королевства
2463	items_Consumables_SurgeryKit	Хирургические инструменты
2464	items_QuestItem_StrangeCoin	Странная монета
2465	items_Equipments_Weapons_Cutlass_T5_02	Золотой казначей
2466	Item_Equipment_Wearing_CrazyShark_Head	Безупречная широкополая шляпа «Безумная акула»
2467	Item_Equipment_Wearing_CrazyShark_Lower	Безупречные брюки «Безумная акула»
2468	Item_Equipment_Wearing_CrazyShark_Upper	Безупречное пальто «Безумная акула»
2469	items_Equipments_Weapons_Dagger_T5_03_Lament	Кинжал скорби
2470	items_Equipments_Weapons_ShortSword_T5_08_BoneSkinner	Костодёр
2471	items_Equipments_Weapons_Staff_T5_07_MessengerOfTheNight	Посланник ночи
2472	items_Consumables_Arrow_T1	Стрелы
2473	items_Consumables_Bolt_T1	Болты
2474	items_Consumables_Arrow_T1	Рецепт: Стрелы
2475	items_Consumables_Bolt_T1	Рецепт: Болты
2476	items_Materials_Herbs_EssenceOfElfsong	Рецепт: Экстракт эльфийской песни
2477	items_Materials_Herbs_EssenceOfNettle	Рецепт: Экстракт крапивы
2478	items_Materials_Herbs_EssenceOfPlantago	Рецепт: Экстракт подорожника
2479	items_Materials_Herbs_EssenceOfElfsong	Экстракт эльфийской песни
2480	items_Materials_Herbs_EssenceOfNettle	Экстракт крапивы
2481	items_Materials_Herbs_EssenceOfPlantago	Экстракт подорожника
2482	items_Materials_Mithril	Рецепт: Мифрил
2483	items_Materials_Steel	Рецепт: Сталь
2484	items_Materials_Coal	Уголь
2485	items_Quest_YinjiaSpearManual	Руководство по копью Иньцзя
2486	items_QuestItem_GreenTown_KeyOfAldussHouse	Ключ от дома Альдуса
2487	items_Equipments_Armors_Amulet_T4_05_AmuletOfAldus	Амулет Альдуса
2488	items_Consumables_Foods_CookedFoods_DesertTears	Слёзы пустыни
2489	items_Consumables_Foods_CookedFoods_DesertTears	Рецепт: Слёзы пустыни
2490	items_QuestItem_WhiteSteedOrder_GladiatorBadge1	Знак гладиатора-новичка
2491	items_QuestItem_WhiteSteedOrder_GladiatorBadge2	Знак младшего гладиатора
2492	items_QuestItem_WhiteSteedOrder_GladiatorBadge3	Знак старшего гладиатора
2493	items_QuestItem_WhiteSteedOrder_GladiatorBadge4	Знак ветерана-гладиатора
2494	items_QuestItem_WhiteSteedOrder_GladiatorBadge5	Знак чемпиона-гладиатора
2495	items_Consumables_Potions_DisguisePotion	Зелье маскировки
2496	items_Consumables_Potions_DisguisePotion	Рецепт: Зелье маскировки
2497	items_Equipments_Wearing_Legend_TimeWatcher_Helmet	Безупречный шлем «Стража времени»
2498	items_Equipments_Wearing_Legend_GriffinsCourage_Helmet	Безупречный шлем «Храбрость грифона»
2499	items_Equipments_Wearing_Legend_GriffinsCourage_Lower	Безупречные поножи «Храбрость грифона»
2500	items_Equipments_Wearing_Legend_GriffinsCourage_Upper	Безупречный доспех «Храбрость грифона»
2501	items_QuestItem_Stirrup_HenrysDiary	Дневник Генри
2502	items_QuestItem_Stirrup_StrangeMeat	Странное мясо
2503	items_QuestItem_Stirrup_TheHabitsOfTheWyvern	Привычки виверны
2504	items_Equipments_Ornaments_Ring_T4_05_OathOfProtection	Клятва защиты
2505	items_Equipments_Ornaments_Ring_T4_06_MarkovasCunning	Коварство Марковой
2506	items_Equipments_Ornaments_Ring_T4_07_RingOfPotential	Кольцо потенциала
2507	items_QuestItem_MercenaryBadge_S	Значок наёмника: ранг S
2508	items_Equipments_Wearing_Belt_T4_04_BeltOfTheUndefeated	Пояс непобеждённого
2509	items_Equipments_Ornaments_Ring_T4_08_CommandersRing	Кольцо командующего
2510	items_QuestItem_Stirrup_StrangeSpice	Странная специя
2511	items_Quest_LingshePalmManual	Руководство по ладони Линше
2515	items_QuestItem_MerchantGuild_Dagger_T4_Quest_ReplicaOfAntiqueDagger	Рецепт: Реплика старинного кинжала
2512	items_QuestItem_MerchantGuild_Dagger_T4_Quest_AntiqueDagger	Старинный кинжал
2513	items_QuestItem_MerchantGuild_Dagger_T4_Quest_ReplicaOfAntiqueDagger	Реплика старинного кинжала
2514	items_QuestItem_MerchantGuild_MediumAntiquePackage	Средняя партия антиквариата
2516	items_QuestItem_MerchantGuild_SealedBox	Запечатанный ящик
2517	items_QuestItem_MerchantGuild_SmallAntiquePackage	Малая партия антиквариата
2518	items_QuestItem_MerchantGuild_SecretCargoOfHyntm	Секретный груз Хинтма
2519	items_QuestItem_SilentMaw_CrocodilesHeart	Сердце крокодила
2520	items_QuestItem_SilentMaw_HippopotamussHeart	Сердце бегемота
2521	items_QuestItem_SilentMaw_RhinosHeart	Сердце носорога
2522	items_QuestItem_MerchantGuild_MerchantGuildBadge1	Значок ученика Торговой гильдии
2523	items_QuestItem_MerchantGuild_MerchantGuildBadge2	Значок подмастерья Торговой гильдии
2524	items_QuestItem_MerchantGuild_MerchantGuildBadge3	Значок мастера Торговой гильдии
2525	items_QuestItem_MerchantGuild_MerchantGuildBadge4	Значок великого мастера Торговой гильдии
2526	items_Equipments_Ornaments_Amulet_T4_06_GoldenScaleAmulet	Амулет золотых весов
2527	items_Equipments_Ornaments_Ring_T4_09_GibberingRing	Кольцо бреда
2528	items_Equipments_Ornaments_Ring_T4_10_SilverWheelRing	Кольцо серебряного колеса
2529	items_Consumables_Books_IntroductionToTamer	Введение в укротителя зверей
2530	items_QuestItem_ArcaneScroll	Тайный свиток
2531	items_QuestItem_EnchantedRelic	Зачарованный реликт
2532	items_QuestItem_SpellManuscript	Магический манускрипт
2533	Item_Equipment_Wearing_Legend_Stargazer_Boots	Безупречные штаны «Ингхо»
2534	Item_Equipment_Wearing_Legend_Stargazer_Chest	Безупречная мантия «Ингхо»
2535	items_Consumables_Books_MantraOfMysticFire	Мантра мистического огня
2536	items_QuestItem_FortSaman_BlueHolyWaterOfTansan	Голубая святая вода Тансана
2537	items_QuestItem_FortSaman_ResearchOnTheStonehornCurseVolume1	«Исследование проклятия Каменного Рога», часть I
2538	items_QuestItem_FortSaman_ResearchOnTheStonehornCurseVolume2	«Исследование проклятия Каменного Рога», часть II
2539	items_QuestItem_FortSaman_ResearchOnTheStonehornCurseVolume3	«Исследование проклятия Каменного Рога», часть III
2540	items_QuestItem_FortSaman_ResearchOnTheStonehornCurseVolume4	«Исследование проклятия Каменного Рога», часть IV
2541	items_QuestItem_FortSaman_WaleedsIronHammer	Железный молот Валеда
2542	items_QuestItem_FortSaman_ZaydsBirthdayCandle	Свеча с дня рождения Зайда
2543	items_QuestItem_FortSaman_ZaydsDoll	Кукла Зайда
2544	items_QuestItem_FortSaman_ZaydsWoodenSword	Деревянный меч Зайда
2545	items_Materials_MonsterMaterials_TigersPenis	Пенис тигра

# --- дописано после сверки охвата ---
9001	items_Readable_MarchingKnightsOfRiverdale	«Марш рыцарей Ривердейла»
9002	items_Readable_MemoryOfTheAncientElfTree	«Память древнего эльфийского древа»
9003	items_Readable_SinduselSonnet	«Сонет Синдусели»
9004	items_Readable_TheOriginOfMiztorriPart4	«Происхождение Мизторри», часть IV
